1000179,79.0,0
1000179,0.0,0
1000180,0.0,0
1000180,31.0,0
1000202,2.0,0
1000202,1.0,0
1000202,,0
1000206,0.0,0
1000206,56.0,0
1000245,0.0,0
1000245,4.0,0
1000315,18.0,0
1000315,0.0,0
1000316,25.0,0
1000316,0.0,0
1000355,1877.0,540
1000355,18718.0,540
1000355,,540
1000435,4.0,220
1000435,1132.0,220
1000435,16.0,220
1000439,,0
1000439,6.0,0
1001558,0.0,0
1001558,4.0,0
1001559,4.0,0
1001559,0.0,0
1001560,0.0,0
1001560,4.0,0
1001652,1.0,0
1001652,,0
1001653,,0
1001653,18.0,0
1001654,2.0,0
1001654,,0
1001655,,0
1001656,,0
1001658,88.0,0
1001658,,0
1001659,2.0,0
1001659,,0
1001660,,0
1001660,16.0,0
1001661,34.0,0
1001661,,0
1001670,6.0,0
1001670,54.0,0
1001670,8.0,0
1001829,5.0,0
1001829,57.0,0
1001829,2.0,0
1001846,21.0,0
1001846,,0
1001848,4.0,0
1001848,,0
1001849,,0
1001850,,0
1001852,,0
1001852,13.0,0
1001855,,0
1001855,12.0,0
1001856,20.0,0
1001856,,0
1001926,18.0,0
1001926,,0
1001927,4.0,0
1001927,,0
1001928,,0
1001928,45.0,0
1001981,,0
1001982,2.0,0
1001982,38.0,0
1001982,,0
1001986,,0
1001988,,0
1001990,107.0,0
1001990,7.0,0
1001990,,0
1001994,,0
1001994,3.0,0
1001996,,0
1001997,,0
1002006,131.0,0
1002006,28.0,0
1002006,10.0,0
1002015,,0
1002018,,0
1002018,1.0,0
1002040,,0
1002050,1.0,0
1002050,16.0,0
1002050,2.0,0
1002060,,0
1002061,,0
1002061,23.0,0
1002061,18.0,0
1002064,,0
1002075,41.0,0
1002075,,0
1002077,,0
1002077,15.0,0
1002079,38.0,0
1002079,,0
1002087,13.0,0
1002087,,0
1002097,36.0,0
1002097,,0
1002097,3.0,0
1002116,,0
1002117,,0
1002118,1.0,0
1002118,,0
1002127,25.0,0
1002127,12.0,0
1002127,165.0,0
1002133,22.0,0
1002133,17.0,0
1002133,2.0,0
1002175,3.0,0
1002175,,0
1002175,36.0,0
1002196,,0
1002201,1.0,0
1002201,,0
1002343,14.0,0
1002343,7.0,0
1002343,98.0,0
1002376,,0
1002388,0.0,0
1002388,2.0,0
1002396,0.0,0
1002396,21.0,0
1002402,51.0,0
1002402,0.0,0
1002406,16.0,0
1002406,,0
1002409,,0
1002412,,0
1002413,50.0,0
1002413,5.0,0
1002413,,0
1002419,49.0,0
1002419,5.0,0
1002419,1.0,0
1002427,2.0,0
1002427,79.0,0
1002427,0.0,0
1002444,,0
1002444,33.0,0
1002456,44.0,0
1002456,,0
1002467,5.0,0
1002467,1.0,0
1002467,34.0,0
1002470,2.0,0
1002470,77.0,0
1002470,9.0,0
1002472,,0
1002472,16.0,0
1002577,0.0,0
1002577,23.0,0
1002580,113.0,0
1002580,0.0,0
1002586,0.0,0
1002586,65.0,0
1002590,29.0,0
1002590,0.0,0
1002617,63.0,0
1002617,0.0,0
1002642,,0
1002642,13.0,0
1002711,,0
1002711,100.0,0
1002738,147.0,0
1002738,4.0,0
1002738,15.0,0
1002739,10.0,0
1002739,104.0,0
1002739,,0
1002742,,0
1002742,41.0,0
1002745,4.0,0
1002745,,0
1002745,44.0,0
1002760,,0
1002760,26.0,0
1002761,44.0,0
1002761,,0
1002762,,0
1002762,26.0,0
1002763,21.0,0
1002763,,0
1002774,,0
1002774,176.0,0
1002780,97.0,0
1002780,2.0,0
1002780,,0
1002781,86.0,0
1002781,,0
1002784,49.0,0
1002784,,0
1002806,6.0,0
1002806,95.0,0
1002806,12.0,0
1002811,,0
1002811,29.0,0
1002811,2.0,0
1002815,3.0,0
1002815,1.0,0
1002815,20.0,0
1002816,,0
1002816,8.0,0
1002816,21.0,0
1002825,41.0,0
1002825,,0
1002827,105.0,0
1002827,1.0,0
1002827,,0
1002833,8.0,0
1002833,3.0,0
1002833,49.0,0
1002837,,0
1002837,94.0,0
1002838,,0
1002838,47.0,0
1002838,1.0,0
1002839,8.0,0
1002839,,0
1002839,45.0,0
1002841,,0
1002841,103.0,0
1002842,9.0,0
1002842,,0
1002842,25.0,0
1002844,90.0,0
1002844,,0
1002847,4.0,0
1002847,,0
1002849,,0
1002912,45.0,0
1002912,,0
1002917,33.0,0
1002917,3.0,0
1002917,,0
1002918,,0
1002923,,0
1002923,20.0,0
1002923,34.0,0
1002930,8.0,0
1002930,,0
1002931,,0
1002972,,0
1002972,23.0,0
1002972,1.0,0
1002978,,740
1003056,,760
1003062,,0
1003062,2.0,0
1003062,37.0,0
1003064,,0
1003064,105.0,0
1003064,2.0,0
1003068,2.0,0
1003068,,0
1003068,27.0,0
1003069,55.0,0
1003069,,0
1003070,,0
1003070,47.0,0
1003085,28.0,0
1003085,,0
1003092,,0
1003106,,0
1003106,21.0,0
1003109,50.0,0
1003109,,0
1003109,1.0,0
1003111,34.0,0
1003111,2.0,0
1003111,3.0,0
1003113,6.0,0
1003113,72.0,0
1003113,1.0,0
1003120,,0
1003120,29.0,0
1003124,,0
1003140,26.0,0
1003140,2.0,0
1003140,,0
1003142,13.0,0
1003142,,0
1003143,,0
1003143,2.0,0
1003148,59.0,0
1003148,,0
1003153,40.0,0
1003153,5.0,0
1003153,4.0,0
1003189,13.0,0
1003189,,0
1003191,,0
1003191,56.0,0
1003192,,0
1003192,64.0,0
1003193,,0
1003193,7.0,0
1003193,34.0,0
1003194,2.0,0
1003194,,0
1003209,3.0,0
1003209,30.0,0
1003209,4.0,0
1003211,90.0,0
1003211,9.0,0
1003211,4.0,0
1003214,46.0,0
1003214,5.0,0
1003214,3.0,0
1003217,24.0,0
1003217,,0
1003217,2.0,0
1003250,36.0,0
1003250,12.0,0
1003250,2.0,0
1003272,2.0,0
1003272,1.0,0
1003272,35.0,0
1003277,58.0,0
1003277,7.0,0
1003277,13.0,0
1003287,13.0,0
1003287,43.0,0
1003287,10.0,0
1003326,,0
1003326,8.0,0
1003332,144.0,0
1003332,23.0,0
1003332,8.0,0
1003433,,0
1003433,11.0,0
1003435,51.0,0
1003435,7.0,0
1003435,10.0,0
1003436,47.0,0
1003436,8.0,0
1003436,3.0,0
1003443,,0
1003443,46.0,0
1003443,1.0,0
1003452,,0
1003455,8.0,0
1003455,34.0,0
1003455,1.0,0
1003455,15.0,0
1003455,,0
1003458,14.0,0
1003458,,0
1003462,,0
1003462,22.0,0
1003512,,0
1003512,7.0,0
1003512,4.0,0
1003531,42.0,0
1003531,5.0,0
1003531,11.0,0
1003531,,0
1003535,,0
1003535,34.0,0
1003537,15.0,0
1003537,,0
1003541,,0
1003541,14.0,0
1003541,4.0,0
1003554,50.0,0
1003554,12.0,0
1003554,3.0,0
1003557,18.0,0
1003557,3.0,0
1003557,62.0,0
1003574,0.0,0
1003574,12.0,0
1003596,7.0,0
1003596,4.0,0
1003596,26.0,0
1003600,,0
1003600,11.0,0
1003600,154.0,0
1003600,15.0,0
1003629,8.0,0
1003629,65.0,0
1003629,,0
1003657,65.0,0
1003657,6.0,0
1003657,15.0,0
1003671,1.0,0
1003671,,0
1003681,33.0,0
1003681,,0
1003681,102.0,0
1003682,23.0,0
1003682,,0
1003720,49.0,0
1003720,26.0,0
1003720,2.0,0
1003725,51.0,0
1003725,,0
1003729,33.0,0
1003729,,0
1003776,37.0,0
1003776,2.0,0
1003776,,0
1003897,,0
1003915,43.0,0
1003915,11.0,0
1003915,3.0,0
1003916,3.0,0
1003916,29.0,0
1003916,8.0,0
1003917,115.0,0
1003917,12.0,0
1003995,,0
1004031,32.0,0
1004031,,0
1004032,27.0,0
1004032,,0
1004035,,0
1004035,10.0,0
1004068,42.0,0
1004068,,0
1004069,,0
1004069,44.0,0
1004087,,0
1004087,15.0,0
1004087,20.0,0
1004089,,0
1004153,,0
1004153,26.0,0
1004160,,0
1004160,11.0,0
1004161,18.0,0
1004161,,0
1004165,8.0,0
1004165,,0
1004166,,0
1004166,15.0,0
1004167,,0
1004167,96.0,0
1004168,,0
1004168,110.0,0
1004169,,0
1004169,76.0,0
1004170,,0
1004192,79.0,0
1004192,,0
1004192,10.0,0
1004272,,0
1004272,67.0,0
1004319,,0
1004319,14.0,0
1004322,17.0,0
1004322,132.0,0
1004322,,0
1004356,,0
1004356,11.0,0
1004356,2.0,0
1004357,31.0,0
1004357,,0
1004358,87.0,0
1004358,,0
1004359,,0
1004359,71.0,0
1004360,89.0,0
1004360,,0
1004361,,0
1004361,95.0,0
1004363,1.0,0
1004363,,0
1004404,24.0,0
1004404,2.0,0
1004404,,0
1004468,,0
1004468,10.0,0
1004468,7.0,0
1004564,,0
1004564,97.0,0
1004628,,745
1004634,,0
1004634,2.0,0
1004647,29.0,0
1004647,,0
1004651,,0
1004651,1.0,0
1004734,71.0,0
1004734,3.0,0
1004734,22.0,0
1004736,6.0,0
1004736,,0
1004736,31.0,0
1004764,36.0,0
1004764,,0
1004769,13.0,0
1004769,,0
1004771,,0
1004771,7.0,0
1004773,8.0,0
1004773,,0
1004775,,0
1004775,10.0,0
1004776,,0
1004776,19.0,0
1004776,4.0,0
1004777,24.0,0
1004777,,0
1004778,21.0,0
1004778,,0
1004779,53.0,0
1004780,16.0,0
1004780,,0
1004781,32.0,0
1004781,,0
1004782,23.0,0
1004782,,0
1004783,,0
1004783,15.0,0
1004786,,0
1004786,15.0,0
1004787,,0
1004787,22.0,0
1004788,18.0,0
1004788,,0
1004789,,0
1004789,14.0,0
1004820,22.0,0
1004820,,0
1004844,174.0,0
1004844,85.0,0
1004844,24.0,0
1004846,22.0,0
1004846,0.0,0
1004858,8.0,0
1004858,,0
1004903,27.0,0
1004903,0.0,0
1004905,,750
1004906,,0
1004906,1.0,0
1004906,9.0,0
1004908,,0
1004908,7.0,0
1004912,8.0,0
1004912,,0
1004917,5.0,0
1004917,,0
1004922,7.0,0
1004922,,0
1004923,1.0,0
1004923,,0
1004926,15.0,0
1004926,,0
1004927,,0
1004927,2.0,0
1004927,53.0,0
1004928,45.0,0
1004928,1.0,0
1004928,2.0,0
1004929,,0
1004929,17.0,0
1004930,,0
1004930,14.0,0
1004932,,0
1004932,15.0,0
1004933,,0
1004933,48.0,0
1004934,20.0,0
1004934,,0
1004935,12.0,0
1004935,2.0,0
1004935,,0
1004937,50.0,0
1004937,1.0,0
1004945,10.0,0
1004945,,0
1004945,70.0,0
1004946,78.0,0
1004946,5.0,0
1004946,8.0,0
1004995,39.0,0
1004995,1.0,0
1004995,,0
1005008,14.0,0
1005008,1.0,0
1005010,,0
1005010,35.0,0
1005010,1.0,0
1005011,,0
1005013,24.0,0
1005013,,0
1005014,,0
1005014,29.0,0
1005015,,0
1005015,25.0,0
1005016,,0
1005016,17.0,0
1005027,2.0,0
1005027,4.0,0
1005027,77.0,0
1005028,67.0,0
1005028,5.0,0
1005028,,0
1005060,14.0,0
1005060,,0
1005063,46.0,0
1005078,14.0,0
1005078,85.0,0
1005078,,0
1005079,4.0,0
1005079,35.0,0
1005079,1.0,0
1005140,2.0,0
1005140,7.0,0
1005140,35.0,0
1005235,,0
1005235,74.0,0
1005238,,0
1005238,51.0,0
1005242,,0
1005242,27.0,0
1005243,44.0,0
1005243,,0
1005244,59.0,0
1005244,2.0,0
1005244,1.0,0
1005245,,0
1005245,1.0,0
1005245,44.0,0
1005332,,0
1005332,2.0,0
1005332,36.0,0
1005646,2.0,0
1005646,18.0,0
1005646,9.0,0
1005649,75.0,0
1005649,,0
1005649,7.0,0
1005650,,0
1005684,33.0,0
1005684,,0
1005684,2.0,0
1005687,28.0,0
1005687,5.0,0
1005687,1.0,0
1005688,,0
1005696,,0
1005705,0.0,0
1005705,4.0,0
1005722,,0
1005726,3.0,0
1005726,,0
1005726,44.0,0
1005804,,0
1005804,21.0,0
1005805,,0
1005805,21.0,0
1005806,,0
1005806,21.0,0
1005815,36.0,0
1005815,9.0,0
1005815,,0
1005816,9.0,0
1005816,,0
1005816,25.0,0
1005846,44.0,0
1005846,3.0,0
1005846,,0
1005883,3.0,0
1005883,9.0,0
1005883,12.0,0
1005953,15.0,0
1005953,,0
1005958,,0
1005958,82.0,0
1005958,1.0,0
1005963,,580
1005963,414.0,580
1005963,1179.0,580
1005986,12.0,0
1005986,,0
1005989,4.0,0
1005989,102.0,0
1005989,,0
1006042,25.0,0
1006042,,0
1006109,0.0,0
1006109,76.0,0
1006122,20.0,0
1006122,216.0,0
1006122,,0
1006130,0.0,0
1006130,82.0,0
1006143,1.0,0
1006143,70.0,0
1006143,23.0,0
1006151,217.0,0
1006151,5.0,0
1006151,36.0,0
1006152,115.0,0
1006152,6.0,0
1006152,42.0,0
1006154,2.0,0
1006154,57.0,0
1006154,9.0,0
1006156,,0
1006156,16.0,0
1006232,21.0,0
1006232,,0
1006265,,0
1006265,15.0,0
1006265,2.0,0
1006317,,0
1006332,9.0,0
1006332,,0
1006368,5.0,0
1006368,,0
1006385,36.0,0
1006385,0.0,0
1006434,31.0,0
1006434,,0
1006440,0.0,0
1006440,42.0,0
1006505,0.0,0
1006505,4.0,0
1006523,,0
1006523,18.0,0
1006564,,160
1006564,16.0,160
1006564,237.0,160
1006586,16.0,0
1006586,64.0,0
1006586,4.0,0
1006696,40.0,0
1006696,0.0,0
1006698,0.0,0
1006698,41.0,0
1006750,,745
1006757,54.0,0
1006757,0.0,0
1006770,251.0,220
1006770,40.0,220
1006770,35.0,220
1006781,59.0,0
1006781,0.0,0
1006782,36.0,0
1006782,0.0,0
1006824,0.0,0
1006824,31.0,0
1006841,0.0,0
1006841,4.0,0
1006918,20.0,0
1006918,5.0,0
1006918,15.0,0
1006921,13.0,0
1006921,8.0,0
1006921,4.0,0
1006923,10.0,0
1006923,,0
1006926,,0
1006928,,0
1006931,,0
1006931,25.0,0
1006931,2.0,0
1006953,47.0,0
1006953,,0
1006954,,0
1006954,52.0,0
1006954,1.0,0
1006973,,0
1006973,53.0,0
1006997,1.0,0
1006997,49.0,0
1006997,,0
1006998,52.0,0
1006998,,0
1007003,,0
1007003,111.0,0
1007004,146.0,0
1007004,,0
1007005,1.0,0
1007005,109.0,0
1007006,77.0,0
1007006,,0
1007016,52.0,0
1007016,,0
1007042,2.0,0
1007042,79.0,0
1007043,,0
1007043,113.0,0
1007048,,0
1007048,62.0,0
1007048,5.0,0
1007049,114.0,0
1007049,,0
1007080,63.0,0
1007080,2.0,0
1007080,3.0,0
1007081,,0
1007081,88.0,0
1007092,20.0,0
1007092,,0
1007102,24.0,0
1007102,176.0,0
1007102,,0
1007191,,0
1007394,15.0,0
1007394,17.0,0
1007394,3.0,0
1007430,,0
1007430,15.0,0
1007437,,0
1007450,37.0,0
1007450,,0
1007476,,420
1007476,6949.0,420
1007479,3971.0,430
1007479,,430
1007479,15565.0,430
1007481,,575
1007481,1248.0,575
1007482,,395
1007482,2368.0,395
1007484,,580
1007484,59386.0,580
1007484,15220.0,580
1007485,,220
1007485,6918.0,220
1007485,14953.0,220
1007513,64.0,0
1007513,,0
1007535,,0
1007535,50.0,0
1007536,18.0,0
1007536,,0
1007777,70.0,430
1007777,52.0,430
1007777,,430
1007787,49.0,0
1007787,0.0,0
1007807,,890
1008007,,0
1008007,25.0,0
1008037,79.0,0
1008037,,0
1008043,114.0,0
1008043,,0
1008045,,0
1008045,1.0,0
1008045,104.0,0
1008046,45.0,0
1008046,,0
1008051,,160
1008051,474.0,160
1008051,10360.0,160
1008052,,580
1008052,1667.0,580
1008053,,540
1008053,129.0,540
1008066,516.0,305
1008066,,305
1008066,6.0,305
1008078,183.0,507
1008078,1217.0,507
1008079,4306.0,260
1008080,,0
1008080,27.0,0
1008080,6.0,0
1008086,,575
1008086,2615.0,575
1008087,,540
1008087,749.0,540
1008092,459.0,220
1008092,799.0,220
1008092,,220
1008111,,890
1008113,681.0,220
1008113,2.0,220
1008113,1068.0,220
1008116,32.0,160
1008116,816.0,160
1008134,,350
1008134,729.0,350
1008139,,0
1008141,88.0,430
1008141,28.0,430
1008141,5911.0,430
1008146,0.0,0
1008146,29.0,0
1008149,0.0,0
1008149,36.0,0
1008150,0.0,0
1008150,91.0,0
1008151,,0
1008158,26.0,0
1008158,0.0,0
1008160,3.0,0
1008160,,0
1008162,,0
1008162,40.0,0
1008163,,745
1008167,2645.0,575
1008167,,575
1008170,1411.0,507
1008170,,507
1008172,,890
1008173,,395
1008173,1318.0,395
1008190,22.0,305
1008190,11.0,305
1008190,,305
1008202,8001.0,540
1008202,,540
1008202,1004.0,540
1008203,2.0,515
1008203,202.0,515
1008203,,515
1008219,,220
1008219,798.0,220
1008224,,220
1008224,48.0,220
1008224,50.0,220
1008233,,0
1008234,0.0,0
1008234,61.0,0
1008238,1.0,0
1008238,28.0,0
1008238,,0
1008239,,0
1008240,4.0,0
1008240,7.0,0
1008240,33.0,0
1008241,198.0,360
1008241,1461.0,360
1008241,177.0,360
1008245,0.0,0
1008245,67.0,0
1008247,,0
1008247,37.0,0
1008249,,0
1008250,,0
1008250,2.0,0
1008270,4856.0,540
1008270,,540
1008270,636.0,540
1008275,471.0,395
1008287,620.0,360
1008287,27.0,360
1008287,1675.0,360
1008289,,420
1008289,12122.0,420
1008290,3.0,430
1008290,74.0,430
1008290,277.0,430
1008293,544.0,220
1008293,3902.0,220
1008293,,220
1008296,,595
1008296,1079.0,595
1008296,16081.0,595
1008298,,0
1008298,28.0,0
1008298,27.0,0
1008299,50.0,305
1008299,96.0,305
1008299,818.0,305
1008303,,0
1008303,41.0,0
1008304,22.0,0
1008304,,0
1008308,,760
1008315,,0
1008315,5.0,0
1008331,2390.0,430
1008331,,430
1008346,,745
1008348,12.0,305
1008348,,305
1008348,315.0,305
1008350,,160
1008351,,430
1008351,654.0,430
1008352,140.0,360
1008352,,360
1008355,26573.0,595
1008355,,595
1008355,6747.0,595
1008360,,0
1008360,17.0,0
1008368,83.0,0
1008368,,0
1008370,,0
1008371,0.0,0
1008371,13.0,0
1008374,15.0,0
1008374,0.0,0
1008374,47.0,0
1008383,1749.0,350
1008383,,350
1008396,326.0,515
1008396,,515
1008402,,745
1008402,157.0,745
1008405,,730
1008405,5.0,730
1008407,4583.0,575
1008407,,575
1008411,45.0,360
1008411,176.0,360
1008411,75.0,360
1008429,,0
1008429,43.0,0
1008429,9.0,0
1008430,2.0,0
1008430,,0
1008439,,220
1008439,211.0,220
1008455,,0
1008458,,0
1008460,,0
1008471,,395
1008471,5348.0,395
1008472,,360
1008472,5585.0,360
1008474,13.0,345
1008474,538.0,345
1008474,96.0,345
1008475,14665.0,430
1008475,,430
1008479,14.0,0
1008479,,0
1008481,92.0,160
1008481,95.0,160
1008481,1551.0,160
1008490,2611.0,395
1008490,,395
1008492,373.0,230
1008492,,230
1008492,321.0,230
1008503,281.0,160
1008503,1401.0,160
1008503,,160
1008506,,210
1008506,177.0,210
1008523,333.0,160
1008523,2417.0,160
1008523,,160
1008526,9186.0,220
1008526,,220
1008527,27.0,230
1008527,922.0,230
1008527,,230
1008528,,260
1008528,198.0,260
1008534,,890
1008536,2995.0,415
1008536,3250.0,415
1008536,,415
1008540,1830.0,580
1008540,,580
1008548,,220
1008548,13.0,220
1008548,27.0,220
1008577,,395
1008587,,260
1008587,501.0,260
1008588,668.0,345
1008588,108.0,345
1008588,700.0,345
1008590,4994.0,535
1008590,160.0,535
1008590,,535
1008598,,360
1008598,136.0,360
1008598,632.0,360
1008607,,430
1008607,121.0,430
1008608,,455
1008616,2955.0,350
1008616,4.0,350
1008630,1199.0,220
1008630,,220
1008630,3240.0,220
1008632,,430
1008632,1368.0,430
1008632,752.0,430
1008639,423.0,430
1008639,51.0,430
1008639,,430
1008642,,430
1008642,81.0,430
1008652,64.0,0
1008652,,0
1008652,32.0,0
1008673,138.0,160
1008673,1.0,160
1008673,,160
1008685,,0
1008700,,430
1008700,170.0,430
1008700,999.0,430
1008702,,360
1008702,246.0,360
1008702,894.0,360
1008714,,220
1008714,2092.0,220
1008724,,0
1008725,6.0,0
1008725,5.0,0
1008725,33.0,0
1008753,130.0,345
1008753,,345
1008753,260.0,345
1008755,,540
1008755,2.0,540
1008783,1214.0,160
1008783,,160
1008783,36.0,160
1008788,,430
1008788,726.0,430
1008795,200.0,160
1008795,,160
1008806,3988.0,360
1008806,,360
1008807,396.0,375
1008807,,375
1008857,,515
1008857,4129.0,515
1008882,,160
1008882,481.0,160
1008882,226.0,160
1008885,10.0,210
1008885,11.0,210
1008885,138.0,210
1008888,,0
1008888,14.0,0
1008888,5.0,0
1008890,,430
1008890,493.0,430
1008937,,160
1008937,1234.0,160
1008937,41.0,160
1008941,,0
1008941,39.0,0
1008954,135.0,535
1008954,,535
1008957,,230
1008957,1026.0,230
1008958,,260
1008958,358.0,260
1008959,530.0,430
1008959,,430
1008964,11.0,0
1008964,,0
1008964,29.0,0
1008965,81.0,0
1008965,,0
1008965,21.0,0
1008969,2.0,0
1008969,,0
1008970,32.0,0
1008970,,0
1008970,18.0,0
1008976,34.0,350
1008976,,350
1008977,,420
1008977,148.0,420
1008979,209.0,540
1008979,,540
1008980,477.0,395
1008980,,395
1008984,,0
1008984,26.0,0
1008998,373.0,430
1008998,,430
1009006,1.0,0
1009006,105.0,0
1009007,,0
1009007,37.0,0
1009008,1.0,0
1009008,61.0,0
1009008,,0
1009016,2.0,0
1009016,,0
1009016,14.0,0
1009017,15.0,0
1009017,2.0,0
1009017,,0
1009019,34.0,0
1009019,,0
1009033,,0
1009039,964.0,430
1009039,,430
1009039,1072.0,430
1009056,,430
1009056,2513.0,430
1009056,710.0,430
1009062,17.0,0
1009062,18.0,0
1009062,1.0,0
1009071,,0
1009071,32.0,0
1009076,16084.0,580
1009076,354.0,580
1009076,,580
1009082,351.0,230
1009087,,0
1009091,7.0,0
1009091,9.0,0
1009091,,0
1009101,1701.0,305
1009101,61.0,305
1009101,,305
1009106,1587.0,395
1009106,,395
1009115,181.0,355
1009115,,355
1009125,,535
1009125,2490.0,535
1009125,6441.0,535
1009126,342.0,515
1009126,46.0,515
1009126,,515
1009135,111.0,360
1009135,360.0,360
1009135,238.0,360
1009139,,455
1009143,1332.0,360
1009143,1.0,360
1009151,24.0,0
1009151,,0
1009152,36.0,0
1009152,,0
1009154,,0
1009154,37.0,0
1009159,,0
1009159,64.0,0
1009161,,0
1009161,46.0,0
1009163,11.0,0
1009163,,0
1009165,13869.0,575
1009165,,575
1009170,,260
1009170,171.0,260
1009185,,540
1009185,119.0,540
1009185,418.0,540
1009192,,430
1009192,433.0,430
1009197,,395
1009197,4479.0,395
1009199,,0
1009199,2.0,0
1009203,3.0,0
1009203,,0
1009205,,0
1009206,,0
1009206,2.0,0
1009213,,0
1009213,18.0,0
1009214,,0
1009214,18.0,0
1009215,39.0,0
1009215,,0
1009238,15.0,220
1009238,2008.0,220
1009238,5029.0,220
1009240,3.0,430
1009240,734.0,430
1009240,,430
1009242,6634.0,580
1009242,,580
1009253,165.0,395
1009253,,395
1009253,100.0,395
1009260,,360
1009260,2693.0,360
1009261,,395
1009261,1439.0,395
1009265,1516.0,360
1009265,,360
1009269,,0
1009269,12.0,0
1009274,,360
1009274,46.0,360
1009274,5.0,360
1009276,6238.0,415
1009276,,415
1009278,1.0,515
1009278,184.0,515
1009278,,515
1009286,,540
1009286,927.0,540
1009286,11622.0,540
1009289,12.0,0
1009289,,0
1009301,738.0,160
1009301,,160
1009301,2538.0,160
1009331,,0
1009332,17.0,820
1009332,241.0,820
1009332,,820
1009333,,0
1009333,25.0,0
1009335,1514.0,360
1009335,2603.0,360
1009335,2074.0,360
1009337,,0
1009338,,0
1009350,,575
1009350,3613.0,575
1009353,,360
1009353,1365.0,360
1009357,,575
1009357,1940.0,575
1009386,604.0,220
1009386,20.0,220
1009389,1.0,575
1009389,1739.0,575
1009389,728.0,575
1009390,1371.0,430
1009390,11.0,430
1009391,304.0,430
1009391,,430
1009392,336.0,345
1009427,91.0,0
1009427,,0
1009427,1.0,0
1009428,37.0,0
1009428,96.0,0
1009428,6.0,0
1009429,4.0,0
1009429,9.0,0
1009429,30.0,0
1009430,,0
1009430,32.0,0
1009430,8.0,0
1009431,69.0,0
1009431,114.0,0
1009431,19.0,0
1009432,7.0,0
1009432,59.0,0
1009432,1.0,0
1009434,5092.0,430
1009434,1969.0,430
1009434,,430
1009436,,305
1009462,25.0,0
1009462,2.0,0
1009462,6.0,0
1009463,12.0,0
1009463,67.0,0
1009463,2.0,0
1009464,,0
1009464,9.0,0
1009464,21.0,0
1009465,,0
1009465,14.0,0
1009465,8.0,0
1009466,4.0,0
1009466,16.0,0
1009466,2.0,0
1009467,11.0,0
1009467,,0
1009467,20.0,0
1009469,3.0,0
1009469,87.0,0
1009469,4.0,0
1009470,3.0,0
1009470,86.0,0
1009470,17.0,0
1009490,117.0,220
1009490,,220
1009508,,0
1009508,10.0,0
1009547,80.0,360
1009547,2160.0,360
1009547,366.0,360
1009582,,745
1009584,,260
1009584,978.0,260
1009588,2854.0,220
1009588,,220
1009589,63.0,0
1009589,,0
1009595,,395
1009595,230.0,395
1009607,,395
1009624,,220
1009624,1317.0,220
1009625,,395
1009625,1866.0,395
1009665,,400
1009665,63.0,400
1009666,3463.0,415
1009666,,415
1009674,,430
1009674,622.0,430
1009683,298.0,220
1009683,,220
1009686,,230
1009686,445.0,230
1009689,,420
1009689,171.0,420
1009706,1376.0,220
1009706,1.0,220
1009706,178.0,220
1009720,14.0,220
1009720,,220
1009720,609.0,220
1009727,,0
1009727,40.0,0
1009728,,220
1009728,2180.0,220
1009728,1138.0,220
1009731,1536.0,540
1009731,,540
1009732,113.0,160
1009732,,160
1009732,425.0,160
1009733,1.0,0
1009733,2.0,0
1009733,18.0,0
1009750,4.0,0
1009750,95.0,0
1009750,,0
1009762,,395
1009781,8.0,0
1009781,,0
1009783,,220
1009783,5.0,220
1009783,180.0,220
1009785,1454.0,595
1009785,4251.0,595
1009785,,595
1009811,12.0,260
1009811,,260
1009811,706.0,260
1009813,11.0,430
1009813,,430
1009813,17.0,430
1009830,,515
1009830,47.0,515
1009830,15.0,515
1009837,2.0,220
1009837,180.0,220
1009848,260.0,220
1009848,,220
1009860,,400
1009860,13.0,400
1009860,1.0,400
1009862,95.0,220
1009862,,220
1009878,,160
1009890,1805.0,230
1009890,,230
1009901,,0
1009907,,260
1009907,1932.0,260
1009932,,160
1009932,3495.0,160
1009956,,585
1010002,,395
1010084,,220
1010084,226.0,220
1010117,30.0,305
1010117,,305
1010157,,535
1010157,466.0,535
1010157,977.0,535
1010164,,220
1010164,760.0,220
1010183,304.0,160
1010183,1577.0,160
1010183,,160
1010190,,395
1010205,10061.0,345
1010205,,345
1010222,66.0,220
1010222,4819.0,220
1010222,189.0,220
1010233,,160
1010233,3648.0,160
1010233,130.0,160
1010291,,305
1010294,980.0,430
1010294,,430
1010314,,0
1010318,,230
1010319,282.0,507
1010319,4.0,507
1010319,,507
1010320,,305
1010325,4112.0,395
1010325,,395
1010372,91.0,430
1010372,347.0,430
1010372,,430
1010477,,0
1010483,51.0,0
1010483,,0
1010485,183.0,360
1010485,,360
1010485,1577.0,360
1010489,,0
1010489,2.0,0
1010491,,0
1010492,,0
1010495,,0
1010495,1.0,0
1010497,2.0,0
1010497,1.0,0
1010497,,0
1010498,,0
1010498,64.0,0
1010500,37.0,0
1010500,,0
1010521,,395
1010521,127.0,395
1010556,,0
1010558,,0
1010558,13.0,0
1010559,15.0,0
1010559,,0
1010577,5.0,0
1010577,3.0,0
1010577,53.0,0
1010581,19.0,0
1010583,,0
1010583,1.0,0
1010583,4.0,0
1010621,,260
1010621,676.0,260
1010623,115.0,0
1010623,,0
1010641,0.0,0
1010641,16.0,0
1010660,31.0,0
1010660,14.0,0
1010660,,0
1010664,26.0,0
1010664,8.0,0
1010664,0.0,0
1010701,,360
1010707,,745
1010718,301.0,160
1010718,4.0,160
1010718,,160
1010721,,160
1010721,6592.0,160
1010721,503.0,160
1010738,4.0,750
1010738,,750
1010784,86.0,430
1010784,,430
1010837,17.0,220
1010837,62.0,220
1010839,,260
1010839,1054.0,260
1010932,,745
1010943,44.0,220
1010943,,220
1010943,1099.0,220
1010945,1048.0,220
1010945,,220
1010996,,0
1010996,14.0,0
1011001,,0
1011002,,0
1011003,,0
1011005,,0
1011005,23.0,0
1011006,1.0,0
1011006,56.0,0
1011006,,0
1011007,,0
1011020,,0
1011041,,0
1011077,21.0,0
1011077,,0
1011081,,745
1011091,,360
1011099,1.0,430
1011099,,430
1011099,127.0,430
1011100,972.0,580
1011100,117.0,580
1011100,,580
1011127,,0
1011127,20.0,0
1011127,2.0,0
1011137,24.0,0
1011137,,0
1011138,86.0,0
1011138,2.0,0
1011138,,0
1011173,2.0,0
1011173,,0
1011174,,0
1011174,14.0,0
1011185,,395
1011185,120.0,395
1011191,1694.0,350
1011191,,350
1011194,,230
1011194,544.0,230
1011226,,0
1011250,102.0,395
1011250,,395
1011253,3.0,0
1011253,1.0,0
1011253,,0
1011265,9.0,0
1011265,,0
1011265,28.0,0
1011318,,515
1011318,91.0,515
1011351,0.0,0
1011351,9.0,0
1011373,1.0,0
1011373,,0
1011379,,0
1011393,874.0,160
1011393,,160
1011393,332.0,160
1011450,,535
1011450,5538.0,535
1011454,2545.0,160
1011454,710.0,160
1011454,2.0,160
1011457,,0
1011498,,430
1011498,8.0,430
1011498,512.0,430
1011526,,0
1011526,6.0,0
1011531,,220
1011531,309.0,220
1011534,432.0,220
1011534,,220
1011561,20.0,0
1011561,,0
1011596,,575
1011596,2739.0,575
1011615,,0
1011615,8.0,0
1011628,,0
1011628,24.0,0
1011636,,0
1011636,22.0,0
1011637,,0
1011637,32.0,0
1011650,762.0,0
1011650,,0
1011652,174.0,220
1011652,,220
1011654,2.0,535
1011654,789.0,535
1011654,666.0,535
1011658,56.0,0
1011658,3.0,0
1011658,,0
1011659,7309.0,430
1011659,,430
1011662,,430
1011662,244.0,430
1011666,1463.0,360
1011666,,360
1011673,,745
1011674,77.0,415
1011674,39.0,415
1011674,32.0,415
1011677,17.0,0
1011677,54.0,0
1011677,,0
1011684,48.0,420
1011684,168.0,420
1011684,,420
1011688,,160
1011688,41.0,160
1011690,800.0,430
1011690,,430
1011690,182.0,430
1011702,127.0,0
1011702,19.0,0
1011702,192.0,0
1011706,209.0,160
1011706,,160
1011720,,0
1011763,118.0,415
1011763,101.0,415
1011763,,415
1011765,34.0,420
1011765,168.0,420
1011765,213.0,420
1011773,,220
1011773,30.0,220
1011782,,890
1011804,,740
1011818,20.0,0
1011818,,0
1011818,3.0,0
1011820,,0
1011828,,0
1011828,127.0,0
1011847,,220
1011847,112.0,220
1011854,,360
1011854,8328.0,360
1011854,2931.0,360
1011873,330.0,395
1011873,,395
1011881,,0
1011881,19.0,0
1011891,,0
1011891,18.0,0
1011892,,0
1011893,,0
1011895,424.0,530
1011895,,530
1011897,,0
1011913,2814.0,230
1011913,,230
1011923,597.0,395
1011923,,395
1011946,3.0,0
1011946,24.0,0
1011946,65.0,0
1011947,2.0,0
1011947,4.0,0
1011947,19.0,0
1011960,20.0,0
1011960,,0
1011962,61.0,305
1011962,,305
1011962,10.0,305
1011975,,260
1011975,44.0,260
1011975,22.0,260
1011978,,580
1011978,3317.0,580
1011978,21.0,580
1011995,3.0,160
1011995,1201.0,160
1011995,,160
1011998,4.0,230
1011998,,230
1012011,2.0,0
1012011,14.0,0
1012011,,0
1012014,172.0,420
1012014,,420
1012021,,395
1012021,282.0,395
1012040,245.0,260
1012040,,260
1012040,112.0,260
1012059,,395
1012059,1.0,395
1012060,6.0,230
1012060,32.0,230
1012060,52.0,230
1012068,246.0,430
1012068,1559.0,430
1012068,202.0,430
1012070,,355
1012100,404.0,395
1012100,,395
1012100,10.0,395
1012129,1478.0,430
1012129,,430
1012129,965.0,430
1012135,,0
1012138,,0
1012138,24.0,0
1012140,,0
1012140,28.0,0
1012141,,0
1012141,6.0,0
1012142,6.0,0
1012142,8.0,0
1012142,75.0,0
1012143,2.0,0
1012143,,0
1012145,,0
1012146,,0
1012153,15.0,0
1012153,,0
1012154,455.0,0
1012154,21.0,0
1012154,,0
1012157,1822.0,0
1012157,538.0,0
1012157,,0
1012158,32.0,0
1012158,,0
1012164,,0
1012165,110.0,0
1012165,,0
1012177,,0
1012184,,0
1012186,214.0,0
1012186,,0
1012186,40.0,0
1012189,,0
1012189,42.0,0
1012189,28.0,0
1012192,,0
1012192,65.0,0
1012193,214.0,0
1012193,1701.0,0
1012193,407.0,0
1012194,29.0,0
1012194,13.0,0
1012194,,0
1012195,,0
1012195,12.0,0
1012195,4.0,0
1012198,121.0,0
1012198,6.0,0
1012198,516.0,0
1012200,58.0,0
1012200,209.0,0
1012200,100.0,0
1012201,5.0,0
1012201,831.0,0
1012201,,0
1012204,105.0,0
1012204,100.0,0
1012204,638.0,0
1012205,123.0,0
1012205,37.0,0
1012205,,0
1012207,358.0,0
1012207,8.0,0
1012207,766.0,0
1012208,2.0,0
1012208,18.0,0
1012208,0.0,0
1012209,86.0,0
1012209,24.0,0
1012209,172.0,0
1012211,0.0,0
1012213,60.0,0
1012213,427.0,0
1012213,522.0,0
1012214,0.0,0
1012218,,0
1012218,12.0,0
1012218,4.0,0
1012230,388.0,0
1012230,,0
1012231,,0
1012231,8.0,0
1012232,319.0,0
1012232,9.0,0
1012232,20.0,0
1012233,288.0,0
1012233,43.0,0
1012233,16.0,0
1012236,215.0,0
1012236,716.0,0
1012236,23.0,0
1012238,7.0,0
1012238,62.0,0
1012238,75.0,0
1012240,5.0,0
1012240,53.0,0
1012240,13.0,0
1012241,53.0,0
1012241,,0
1012241,6.0,0
1012244,27.0,0
1012244,9.0,0
1012244,2.0,0
1012245,89.0,0
1012245,337.0,0
1012245,3.0,0
1012248,112.0,0
1012248,37.0,0
1012248,,0
1012251,108.0,0
1012251,46.0,0
1012251,,0
1012256,134.0,0
1012256,39.0,0
1012256,,0
1012257,29.0,0
1012257,3.0,0
1012257,,0
1012269,,0
1012269,6.0,0
1012270,,0
1012285,1.0,0
1012286,,0
1012298,167.0,0
1012298,,0
1012300,,0
1012300,447.0,0
1012300,189.0,0
1012301,,0
1012301,586.0,0
1012305,,0
1012305,708.0,0
1012305,2.0,0
1012310,,0
1012311,,0
1012317,,0
1012317,839.0,0
1012321,4347.0,0
1012321,,0
1012322,232.0,0
1012322,39.0,0
1012322,,0
1012325,,0
1012325,15.0,0
1012329,32.0,0
1012329,130.0,0
1012329,5.0,0
1012332,267.0,0
1012332,,0
1012336,184.0,0
1012336,,0
1012336,32.0,0
1012340,11.0,0
1012340,,0
1012340,26.0,0
1012341,38.0,0
1012341,196.0,0
1012347,32.0,0
1012347,,0
1012348,,0
1012351,,0
1012351,4.0,0
1012353,25.0,0
1012353,,0
1012355,,0
1012357,,0
1012358,340.0,0
1012358,106.0,0
1012358,255.0,0
1012359,,0
1012359,87.0,0
1012359,89.0,0
1012360,,0
1012360,754.0,0
1012361,619.0,0
1012361,,0
1012365,,0
1012365,75.0,0
1012365,45.0,0
1012376,692.0,430
1012376,,430
1012376,8.0,430
1012378,,0
1012381,0.0,0
1012381,25.0,0
1012382,0.0,0
1012382,15.0,0
1012383,44.0,0
1012383,289.0,0
1012383,438.0,0
1012385,144.0,0
1012385,,0
1012385,11.0,0
1012386,61.0,0
1012386,2.0,0
1012386,95.0,0
1012387,67.0,0
1012387,75.0,0
1012387,33.0,0
1012388,1747.0,0
1012388,2181.0,0
1012388,276.0,0
1012390,453.0,0
1012390,451.0,0
1012390,242.0,0
1012392,938.0,0
1012392,1658.0,0
1012392,281.0,0
1012393,74.0,0
1012393,793.0,0
1012393,173.0,0
1012395,144.0,0
1012395,463.0,0
1012395,53.0,0
1012396,22.0,0
1012396,406.0,0
1012396,243.0,0
1012397,22.0,0
1012397,17.0,0
1012397,39.0,0
1012398,675.0,0
1012398,1394.0,0
1012398,88.0,0
1012432,,0
1012432,14.0,0
1012432,334.0,0
1012433,140.0,0
1012433,274.0,0
1012433,105.0,0
1012437,,360
1012437,445.0,360
1012446,17.0,0
1012446,27.0,0
1012446,8.0,0
1012449,,430
1012449,12.0,430
1012450,,0
1012452,,0
1012452,127.0,0
1012453,,0
1012453,112.0,0
1012455,22.0,0
1012455,5.0,0
1012455,28.0,0
1012457,1.0,0
1012457,12.0,0
1012457,46.0,0
1012459,189.0,0
1012459,,0
1012461,58.0,0
1012461,81.0,0
1012461,204.0,0
1012464,,0
1012466,,0
1012466,32.0,0
1012466,5.0,0
1012467,130.0,0
1012467,19.0,0
1012467,1.0,0
1012468,4.0,0
1012468,8.0,0
1012470,,0
1012472,4.0,0
1012472,15.0,0
1012472,,0
1012474,,0
1012478,324.0,0
1012478,99.0,0
1012478,118.0,0
1012479,35.0,0
1012479,385.0,0
1012479,,0
1012482,,0
1012482,50.0,0
1012483,,0
1012483,15.0,0
1012484,150.0,0
1012484,,0
1012484,432.0,0
1012486,29.0,0
1012486,,0
1012486,110.0,0
1012487,85.0,0
1012487,14.0,0
1012487,,0
1012492,51.0,0
1012492,3.0,0
1012492,9.0,0
1012495,,0
1012496,741.0,0
1012496,,0
1012496,146.0,0
1012497,,0
1012500,1.0,0
1012500,,0
1012500,132.0,0
1012503,57.0,0
1012503,,0
1012503,575.0,0
1012504,110.0,0
1012504,,0
1012507,68.0,0
1012507,39.0,0
1012507,2.0,0
1012509,2530.0,230
1012509,,230
1012511,,260
1012511,647.0,260
1012520,,0
1012520,24.0,0
1012522,524.0,0
1012522,,0
1012523,94.0,0
1012523,,0
1012524,,0
1012524,1.0,0
1012526,77.0,0
1012526,,0
1012528,,360
1012528,1963.0,360
1012528,782.0,360
1012530,17.0,0
1012532,250.0,0
1012532,36.0,0
1012532,,0
1012534,,0
1012534,74.0,0
1012534,10.0,0
1012535,,0
1012535,103.0,0
1012535,70.0,0
1012537,207.0,160
1012537,,160
1012538,50.0,0
1012538,,0
1012539,16.0,0
1012539,132.0,0
1012541,4606.0,0
1012541,59.0,0
1012541,2.0,0
1012544,,0
1012545,34.0,0
1012545,,0
1012546,24.0,0
1012551,4733.0,0
1012551,97.0,0
1012551,48.0,0
1012552,657.0,0
1012552,91.0,0
1012557,,0
1012558,30.0,0
1012558,,0
1012559,11.0,0
1012559,109.0,0
1012560,62.0,0
1012562,,0
1012562,206.0,0
1012562,18.0,0
1012563,,0
1012563,20.0,0
1012563,192.0,0
1012565,4.0,0
1012565,50.0,0
1012565,,0
1012566,10.0,0
1012566,127.0,0
1012566,,0
1012568,51.0,0
1012571,,220
1012571,117.0,220
1012572,,0
1012572,117.0,0
1012572,97.0,0
1012576,140.0,0
1012576,115.0,0
1012576,151.0,0
1012579,149.0,0
1012579,,0
1012579,16.0,0
1012582,89.0,0
1012582,,0
1012582,2187.0,0
1012583,55.0,0
1012583,29.0,0
1012583,5.0,0
1012589,133.0,0
1012589,,0
1012590,330.0,0
1012590,,0
1012594,,0
1012594,30.0,0
1012595,39.0,0
1012595,1.0,0
1012595,1643.0,0
1012596,253.0,0
1012596,35.0,0
1012597,241.0,0
1012597,30.0,0
1012597,,0
1012598,,0
1012600,,0
1012600,9.0,0
1012602,73.0,0
1012602,10.0,0
1012602,,0
1012603,,0
1012603,76.0,0
1012603,58.0,0
1012605,55.0,355
1012605,,355
1012607,,0
1012607,48.0,0
1012607,28.0,0
1012612,271.0,530
1012612,535.0,530
1012612,564.0,530
1012615,,0
1012615,7.0,0
1012618,8.0,0
1012618,4.0,0
1012618,,0
1012619,38.0,0
1012619,4.0,0
1012619,26.0,0
1012622,,0
1012622,17.0,0
1012622,1.0,0
1012623,370.0,0
1012623,,0
1012623,363.0,0
1012624,,0
1012624,259.0,0
1012626,27.0,0
1012626,,0
1012628,,0
1012628,3346.0,0
1012628,2105.0,0
1012630,1.0,0
1012630,,0
1012631,3.0,0
1012631,,0
1012631,2.0,0
1012633,,0
1012633,74.0,0
1012638,,0
1012638,630.0,0
1012641,22.0,0
1012641,,0
1012647,43.0,0
1012647,0.0,0
1012652,24.0,0
1012652,,0
1012652,55.0,0
1012658,700.0,0
1012658,25.0,0
1012658,246.0,0
1012659,19.0,0
1012659,,0
1012659,64.0,0
1012665,,0
1012667,,0
1012668,,0
1012672,,0
1012672,138.0,0
1012672,136.0,0
1012676,,0
1012676,4079.0,0
1012680,46.0,0
1012680,,0
1012681,358.0,0
1012681,103.0,0
1012681,8.0,0
1012682,,0
1012682,5.0,0
1012684,235.0,0
1012684,,0
1012685,,0
1012685,85.0,0
1012686,,0
1012686,2100.0,0
1012686,700.0,0
1012687,21.0,0
1012687,,0
1012696,460.0,0
1012696,,0
1012697,,0
1012697,24.0,0
1012700,,0
1012700,46.0,0
1012704,,0
1012705,,0
1012705,48.0,0
1012706,1205.0,535
1012706,9.0,535
1012706,2445.0,535
1012707,16.0,0
1012707,,0
1012707,41.0,0
1012708,1.0,0
1012708,78.0,0
1012708,564.0,0
1012709,95.0,0
1012709,14.0,0
1012709,0.0,0
1012710,227.0,0
1012710,,0
1012711,42.0,0
1012711,,0
1012712,,0
1012712,212.0,0
1012712,221.0,0
1012713,,0
1012713,211.0,0
1012714,5.0,0
1012714,21.0,0
1012714,,0
1012717,,0
1012718,11.0,0
1012718,471.0,0
1012718,1.0,0
1012720,209.0,0
1012720,2.0,0
1012720,10.0,0
1012721,82.0,0
1012721,,0
1012722,3.0,0
1012722,740.0,0
1012722,4.0,0
1012723,241.0,0
1012723,,0
1012723,197.0,0
1012724,5437.0,580
1012724,9.0,580
1012724,719.0,580
1012726,712.0,0
1012726,,0
1012727,,0
1012731,73.0,0
1012731,0.0,0
1012734,,160
1012736,,0
1012737,1.0,0
1012737,6.0,0
1012737,235.0,0
1012742,,0
1012742,541.0,0
1012742,208.0,0
1012744,,0
1012744,81.0,0
1012744,43.0,0
1012750,,0
1012753,,0
1012755,,0
1012755,6.0,0
1012759,,0
1012759,113.0,0
1012760,,0
1012760,67.0,0
1012762,521.0,0
1012762,17.0,0
1012762,5.0,0
1012763,4.0,0
1012763,90.0,0
1012763,,0
1012764,,0
1012768,4.0,0
1012768,41.0,0
1012768,518.0,0
1012769,3.0,0
1012769,1.0,0
1012769,96.0,0
1012773,,0
1012773,175.0,0
1012773,12.0,0
1012777,,0
1012777,66.0,0
1012778,,0
1012780,702.0,430
1012780,,430
1012783,,0
1012783,96.0,0
1012784,,0
1012784,1.0,0
1012785,15.0,0
1012785,,0
1012785,230.0,0
1012787,396.0,0
1012787,,0
1012796,,0
1012797,,0
1012797,10.0,0
1012797,1.0,0
1012800,,0
1012800,2.0,0
1012804,5.0,0
1012804,,0
1012804,102.0,0
1012806,609.0,0
1012806,29.0,0
1012806,0.0,0
1012810,33.0,0
1012810,,0
1012810,165.0,0
1012811,,0
1012811,2.0,0
1012811,61.0,0
1012812,163.0,0
1012812,636.0,0
1012812,7.0,0
1012817,186.0,0
1012817,,0
1012817,1265.0,0
1012818,,0
1012818,452.0,0
1012819,2.0,0
1012819,29.0,0
1012819,595.0,0
1012822,,0
1012822,217.0,0
1012826,4659.0,0
1012826,,0
1012826,620.0,0
1012828,,0
1012828,37.0,0
1012828,4.0,0
1012835,1696.0,0
1012835,,0
1012861,72.0,0
1012861,,0
1012893,,820
1012897,2.0,0
1012897,36.0,0
1012897,12.0,0
1012908,,0
1012913,,0
1012913,31.0,0
1012914,1.0,0
1012914,,0
1012915,,0
1012915,3.0,0
1012916,,0
1012920,6.0,0
1012920,,0
1012920,3.0,0
1012921,,0
1012921,6.0,0
1012921,3.0,0
1012923,,0
1012923,3.0,0
1012923,6.0,0
1012929,4.0,0
1012929,,0
1012931,24.0,0
1012931,,0
1012936,7303.0,160
1012936,1072.0,160
1012936,,160
1012943,27.0,0
1012943,0.0,0
1012944,,0
1012944,22.0,0
1012945,52.0,220
1012945,,220
1012947,,515
1012947,106.0,515
1012952,,435
1012953,2.0,0
1012953,26.0,0
1012953,3.0,0
1012961,14.0,0
1012961,,0
1012963,,0
1012963,13.0,0
1012963,6.0,0
1012964,113.0,0
1012964,168.0,0
1012964,,0
1012969,26.0,0
1012969,6.0,0
1012969,,0
1012970,144.0,0
1012970,,0
1012971,,0
1012971,7.0,0
1012975,8.0,0
1012975,21.0,0
1012975,,0
1012982,8.0,0
1012982,,0
1012984,,210
1012984,404.0,210
1012988,532.0,160
1012988,,160
1012988,83.0,160
1012996,400.0,0
1012996,,0
1013004,,0
1013004,6.0,0
1013009,,0
1013010,324.0,220
1013010,,220
1013011,,0
1013011,757.0,0
1013021,,395
1013026,20.0,360
1013026,,360
1013033,,0
1013033,1159.0,0
1013033,115.0,0
1013034,,260
1013035,,160
1013035,216.0,160
1013035,5786.0,160
1013036,104.0,0
1013036,,0
1013038,,430
1013038,1569.0,430
1013048,,0
1013048,2.0,0
1013049,,0
1013049,27.0,0
1013049,90.0,0
1013053,252.0,0
1013053,47.0,0
1013053,219.0,0
1013061,,0
1013064,,0
1013064,1770.0,0
1013064,90.0,0
1013065,,0
1013065,255.0,0
1013077,,0
1013077,263.0,0
1013078,,355
1013078,9.0,355
1013080,2.0,260
1013080,534.0,260
1013080,1028.0,260
1013086,110.0,0
1013086,,0
1013087,117.0,220
1013087,,220
1013089,,160
1013091,225.0,210
1013091,,210
1013095,220.0,0
1013095,,0
1013100,139.0,345
1013100,,345
1013104,158.0,160
1013104,,160
1013105,19.0,0
1013105,,0
1013106,5.0,430
1013106,1880.0,430
1013106,,430
1013111,5545.0,507
1013111,49.0,507
1013111,1764.0,507
1013118,2.0,0
1013118,43.0,0
1013118,,0
1013123,655.0,360
1013123,,360
1013123,2150.0,360
1013124,74.0,0
1013124,,0
1013128,418.0,220
1013128,4084.0,220
1013128,,220
1013129,2.0,0
1013129,36.0,0
1013129,1.0,0
1013144,61.0,0
1013144,84.0,0
1013144,7.0,0
1013189,46.0,0
1013189,,0
1013192,93.0,0
1013192,,0
1013193,,0
1013193,80.0,0
1013194,3.0,0
1013194,,0
1013198,,0
1013200,59.0,0
1013200,,0
1013200,3.0,0
1013201,,0
1013203,,0
1013203,71.0,0
1013214,3.0,420
1013214,1278.0,420
1013214,,420
1013216,,430
1013216,254.0,430
1013217,609.0,0
1013217,90.0,0
1013217,4.0,0
1013221,,0
1013221,37.0,0
1013222,36.0,430
1013222,852.0,430
1013222,,430
1013226,28.0,540
1013226,175.0,540
1013226,,540
1013230,420.0,0
1013230,,0
1013231,6.0,0
1013231,,0
1013236,,0
1013237,,0
1013237,45.0,0
1013245,66.0,0
1013245,,0
1013245,6.0,0
1013261,,415
1013261,459.0,415
1013261,821.0,415
1013262,186.0,420
1013262,147.0,420
1013262,,420
1013264,852.0,515
1013264,,515
1013272,,0
1013280,4.0,0
1013280,,0
1013283,1855.0,160
1013283,1272.0,160
1013283,,160
1013285,,575
1013285,2338.0,575
1013285,2.0,575
1013288,464.0,575
1013289,252.0,515
1013289,,515
1013295,5.0,0
1013295,,0
1013295,8.0,0
1013296,5.0,0
1013296,,0
1013296,6.0,0
1013298,2.0,0
1013298,,0
1013298,12.0,0
1013299,43.0,0
1013299,5.0,0
1013299,,0
1013302,57.0,0
1013302,9.0,0
1013302,,0
1013305,,0
1013305,22.0,0
1013306,5.0,160
1013306,63.0,160
1013306,,160
1013307,420.0,0
1013307,,0
1013307,326.0,0
1013311,396.0,0
1013311,72.0,0
1013311,,0
1013312,14.0,0
1013312,,0
1013313,,0
1013313,10.0,0
1013314,37.0,0
1013314,,0
1013318,,220
1013318,8.0,220
1013320,,0
1013320,8.0,0
1013321,,0
1013321,12.0,0
1013322,24.0,0
1013322,11.0,0
1013322,5.0,0
1013325,1161.0,220
1013325,,220
1013329,,0
1013329,25.0,0
1013331,346.0,360
1013331,,360
1013331,27.0,360
1013335,0.0,0
1013335,9.0,0
1013339,579.0,360
1013339,,360
1013346,216.0,230
1013346,28.0,230
1013346,236.0,230
1013354,352.0,220
1013354,,220
1013355,,0
1013355,164.0,0
1013357,,260
1013357,546.0,260
1013361,,0
1013361,1.0,0
1013361,2.0,0
1013365,,0
1013365,1.0,0
1013368,,0
1013369,,540
1013369,127.0,540
1013373,67.0,0
1013373,,0
1013373,180.0,0
1013377,,430
1013377,139.0,430
1013378,,0
1013378,81.0,0
1013378,134.0,0
1013381,,540
1013386,65.0,160
1013386,,160
1013386,38.0,160
1013388,,0
1013392,2575.0,0
1013392,,0
1013393,,430
1013395,21.0,0
1013395,30.0,0
1013395,,0
1013398,,0
1013403,,0
1013403,5.0,0
1013403,8.0,0
1013404,22.0,0
1013404,,0
1013404,3.0,0
1013407,,430
1013412,,430
1013412,70.0,430
1013413,360.0,160
1013413,,160
1013413,45.0,160
1013417,2.0,430
1013417,61.0,430
1013417,,430
1013483,242.0,430
1013483,,430
1013529,,0
1013536,,0
1013536,24.0,0
1013545,16.0,0
1013545,,0
1013549,,0
1013550,,0
1013552,,0
1013556,,0
1013557,,0
1013560,,0
1013561,3.0,0
1013561,,0
1013562,,0
1013564,,0
1013565,,0
1013566,5.0,0
1013566,,0
1013567,,0
1013568,406.0,0
1013568,,0
1013569,,0
1013570,17.0,0
1013570,,0
1013571,,0
1013572,,0
1013572,45.0,0
1013573,55.0,0
1013573,137.0,0
1013573,,0
1013575,,0
1013580,32.0,360
1013580,336.0,360
1013580,7.0,360
1013589,2.0,0
1013589,1.0,0
1013589,12.0,0
1013593,,0
1013594,14.0,0
1013594,,0
1013595,493.0,220
1013595,,220
1013599,10.0,0
1013599,,0
1013600,,0
1013600,11.0,0
1013601,242.0,345
1013601,1.0,345
1013601,18.0,345
1013603,9.0,0
1013603,,0
1013604,,0
1013604,13.0,0
1013606,,430
1013606,153.0,430
1013607,,0
1013607,11.0,0
1013608,24.0,0
1013608,,0
1013612,,0
1013612,43.0,0
1013614,,360
1013614,155.0,360
1013614,152.0,360
1013626,87.0,430
1013626,,430
1013638,,0
1013641,,0
1013641,9.0,0
1013642,29.0,0
1013642,,0
1013657,,420
1013657,713.0,420
1013660,12.0,0
1013660,0.0,0
1013665,,0
1013667,8.0,0
1013667,0.0,0
1013668,81.0,0
1013668,0.0,0
1013671,243.0,220
1013671,,220
1013672,,0
1013674,,430
1013674,789.0,430
1013675,,0
1013677,,415
1013677,245.0,415
1013681,,0
1013681,6.0,0
1013681,23.0,0
1013682,64.0,540
1013682,,540
1013685,56.0,0
1013685,76.0,0
1013685,343.0,0
1013688,,0
1013691,203.0,230
1013691,,230
1013697,,0
1013698,0.0,0
1013698,48.0,0
1013699,65.0,430
1013699,311.0,430
1013699,,430
1013702,11.0,0
1013702,0.0,0
1013703,4.0,0
1013703,0.0,0
1013704,0.0,0
1013704,32.0,0
1013705,8.0,0
1013705,0.0,0
1013709,54.0,0
1013709,,0
1013710,301.0,0
1013710,,0
1013712,,0
1013712,369.0,0
1013717,,0
1013717,29.0,0
1013720,2.0,0
1013720,15.0,0
1013720,,0
1013722,164.0,0
1013722,,0
1013723,17.0,0
1013723,,0
1013726,,0
1013726,3.0,0
1013728,33.0,395
1013728,,395
1013730,4.0,0
1013730,,0
1013732,,360
1013732,848.0,360
1013734,335.0,430
1013734,,430
1013735,,430
1013736,,430
1013736,36.0,430
1013737,,0
1013738,,0
1013743,,0
1013748,7.0,0
1013748,,0
1013748,30.0,0
1013751,28.0,375
1013751,,375
1013757,,0
1013757,48.0,0
1013771,,395
1013771,426.0,395
1013801,,0
1013809,6.0,0
1013809,1.0,0
1013809,72.0,0
1013815,,0
1013826,,0
1013827,,0
1013828,,0
1013833,1165.0,360
1013833,30.0,360
1013833,,360
1013834,,0
1013834,195.0,0
1013838,,0
1013838,11.0,0
1013840,11.0,0
1013840,6.0,0
1013840,,0
1013841,,0
1013841,11.0,0
1013841,6.0,0
1013842,3.0,0
1013842,,0
1013842,41.0,0
1013843,41.0,0
1013843,3.0,0
1013843,,0
1013844,1.0,0
1013844,,0
1013844,39.0,0
1013845,841.0,430
1013845,1498.0,430
1013845,,430
1013848,,0
1013848,431.0,0
1013849,,0
1013850,,0
1013851,192.0,220
1013851,,220
1013853,109.0,0
1013853,,0
1013853,60.0,0
1013861,1460.0,580
1013861,,580
1013861,213.0,580
1013870,128.0,260
1013870,1.0,260
1013870,432.0,260
1013876,,0
1013876,123.0,0
1013883,,0
1013883,4.0,0
1013883,7.0,0
1013886,17.0,0
1013886,,0
1013886,4.0,0
1013892,,0
1013896,363.0,260
1013896,1613.0,260
1013896,596.0,260
1013897,,430
1013897,12.0,430
1013907,,0
1013907,34.0,0
1013910,0.0,0
1013910,9.0,0
1013912,9.0,0
1013912,0.0,0
1013913,,430
1013913,686.0,430
1013914,,0
1013922,,230
1013922,120.0,230
1013927,10.0,0
1013927,,0
1013930,,0
1013930,2.0,0
1013931,866.0,220
1013931,,220
1013935,,0
1013936,492.0,220
1013936,,220
1013937,,0
1013941,,0
1013941,10.0,0
1013942,14.0,0
1013942,,0
1013946,,0
1013947,24.0,0
1013947,,0
1013952,,0
1013953,,0
1013959,20.0,0
1013959,,0
1013964,312.0,0
1013964,,0
1013965,6.0,0
1013965,,0
1013966,22.0,0
1013966,79.0,0
1013966,,0
1013968,,0
1013968,7.0,0
1013969,,0
1013969,28.0,0
1013975,43.0,0
1013975,,0
1013979,,0
1013981,17.0,0
1013981,,0
1013983,368.0,430
1013983,,430
1013986,385.0,430
1013986,,430
1013988,,0
1013991,61.0,0
1013991,39.0,0
1013991,53.0,0
1013992,,0
1013992,4.0,0
1013993,,430
1013993,66.0,430
1014071,,430
1014071,581.0,430
1014085,,220
1014085,1607.0,220
1014089,,0
1014091,,0
1014093,,0
1014094,,0
1014100,22.0,430
1014100,,430
1014100,4.0,430
1014108,,0
1014129,,430
1014129,2.0,430
1014137,180.0,430
1014137,,430
1014202,,0
1014202,5.0,0
1014208,,0
1014225,303.0,415
1014225,4342.0,415
1014225,,415
1014226,200.0,360
1014226,85.0,360
1014226,216.0,360
1014227,,0
1014227,54.0,0
1014229,,0
1014233,,430
1014233,45.0,430
1014239,667.0,420
1014239,,420
1014239,24.0,420
1014240,1250.0,260
1014240,28.0,260
1014240,,260
1014241,1638.0,230
1014241,,230
1014241,7.0,230
1014271,,430
1014271,162.0,430
1014282,,430
1014282,247.0,430
1014282,206.0,430
1014295,2.0,0
1014295,,0
1014295,20.0,0
1014305,,0
1014309,,0
1014315,6.0,0
1014315,,0
1014315,197.0,0
1014316,,0
1014316,94.0,0
1014317,,0
1014317,9.0,0
1014317,4.0,0
1014320,12.0,0
1014320,5.0,0
1014320,,0
1014321,,430
1014321,102.0,430
1014325,29.0,0
1014325,0.0,0
1014326,7257.0,360
1014326,78.0,360
1014326,,360
1014327,,400
1014327,58.0,400
1014327,735.0,400
1014333,299.0,160
1014333,,160
1014333,340.0,160
1014339,,535
1014339,3137.0,535
1014339,10384.0,535
1014341,113.0,430
1014341,,430
1014344,836.0,220
1014344,,220
1014346,8.0,0
1014346,4.0,0
1014346,,0
1014347,,0
1014347,17.0,0
1014349,,430
1014349,206.0,430
1014351,,230
1014351,200.0,230
1014353,,0
1014353,17.0,0
1014354,,160
1014354,93.0,160
1014355,,0
1014355,349.0,0
1014355,186.0,0
1014356,709.0,430
1014356,,430
1014356,2.0,430
1014357,520.0,355
1014357,,355
1014357,91.0,355
1014358,182.0,545
1014358,,545
1014361,,430
1014363,21.0,0
1014363,,0
1014366,68.0,0
1014366,0.0,0
1014369,,430
1014370,,0
1014370,156.0,0
1014371,,395
1014371,1113.0,395
1014375,860.0,595
1014375,,595
1014376,,0
1014377,909.0,0
1014377,,0
1014379,,0
1014380,,430
1014380,428.0,430
1014382,,305
1014382,118.0,305
1014388,18.0,395
1014388,,395
1014389,,0
1014389,2.0,0
1014389,19.0,0
1014390,,0
1014390,35.0,0
1014394,,0
1014395,,0
1014395,61.0,0
1014401,,430
1014401,256.0,430
1014402,,0
1014404,,395
1014404,54.0,395
1014410,25.0,0
1014410,,0
1014411,,220
1014411,96.0,220
1014412,,430
1014412,253.0,430
1014412,302.0,430
1014413,,530
1014413,256.0,530
1014413,765.0,530
1014414,,0
1014414,5.0,0
1014415,13.0,430
1014415,,430
1014416,7.0,0
1014416,6.0,0
1014416,51.0,0
1014417,1.0,0
1014417,20.0,0
1014417,95.0,0
1014418,,430
1014419,26.0,0
1014419,133.0,0
1014419,,0
1014420,107.0,230
1014420,,230
1014425,57.0,220
1014425,,220
1014425,21.0,220
1014426,,160
1014426,330.0,160
1014426,102.0,160
1014428,17.0,0
1014428,0.0,0
1014431,304.0,220
1014431,,220
1014438,193.0,355
1014438,373.0,355
1014438,,355
1014439,,350
1014439,392.0,350
1014439,258.0,350
1014470,,430
1014470,1612.0,430
1014503,2.0,0
1014503,32.0,0
1014504,1106.0,430
1014504,,430
1014512,,430
1014512,131.0,430
1014512,34.0,430
1014515,,0
1014515,16.0,0
1014517,16.0,0
1014517,,0
1014544,,430
1014544,30.0,430
1014545,,580
1014555,,0
1014558,,0
1014558,16.0,0
1014558,50.0,0
1014565,0.0,0
1014565,15.0,0
1014566,0.0,0
1014566,45.0,0
1014569,,345
1014569,14.0,345
1014570,,0
1014570,83.0,0
1014570,368.0,0
1014573,29.0,0
1014573,0.0,0
1014584,,0
1014589,,430
1014589,12.0,430
1014592,7.0,0
1014592,,0
1014595,,0
1014598,,0
1014598,6.0,0
1014598,37.0,0
1014600,,230
1014600,10.0,230
1014608,,0
1014616,,0
1014617,,430
1014618,132.0,160
1014618,,160
1014621,,0
1014624,464.0,430
1014624,,430
1014625,16.0,160
1014625,,160
1014625,1.0,160
1014634,,0
1014635,,0
1014639,,0
1014639,136.0,0
1014639,37.0,0
1014640,12.0,430
1014640,,430
1014640,57.0,430
1014642,,360
1014642,465.0,360
1014648,150.0,540
1014648,,540
1014650,76.0,230
1014650,,230
1014661,,575
1014661,1794.0,575
1014664,,345
1014664,24.0,345
1014664,8.0,345
1014665,,230
1014665,109.0,230
1014667,,0
1014668,,0
1014668,1.0,0
1014671,,0
1014671,350.0,0
1014671,5.0,0
1014678,,395
1014678,711.0,395
1014679,,0
1014682,,430
1014682,94.0,430
1014683,,515
1014683,409.0,515
1014684,322.0,160
1014684,,160
1014684,27.0,160
1014687,766.0,535
1014687,,535
1014687,25.0,535
1014688,2.0,0
1014688,,0
1014690,,220
1014690,55.0,220
1014690,439.0,220
1014693,,160
1014693,41.0,160
1014693,77.0,160
1014695,,0
1014695,139.0,0
1014696,,0
1014696,29.0,0
1014699,,0
1014699,24.0,0
1014699,2.0,0
1014704,6.0,430
1014704,,430
1014706,14.0,260
1014706,33.0,260
1014706,,260
1014713,7435.0,575
1014713,,575
1014714,,0
1014714,10.0,0
1014718,,360
1014726,,0
1014726,5.0,0
1014727,140.0,430
1014727,560.0,430
1014727,,430
1014728,22.0,0
1014728,16.0,0
1014728,8.0,0
1014730,,430
1014737,1.0,345
1014737,63.0,345
1014737,,345
