1000355,36085160,9611951.4
1000435,55209410.48,1425313.32
1002978,497513,552514.15
1003056,912435,876604
1004628,348115.5,2393428.12
1004905,389662.62,673855.51
1005963,46887506,9
1006564,42316005,1461
1006750,101494,312618
1006770,24680891,4618188
1007037,1139524.71,216817.04
1007475,17768000.61,66744.612
1007479,64838076.28,13003649
1007481,14844606.51,0
1007482,59952126.12,27809242.18
1007483,30447998.82,6180.601
1007484,349762413.8,713548
1007485,245594903.8,50245544.72
1007486,27370427.37,73195.43
1007599,498650670.9,130861.1658
1007777,35622607,2612530
1007807,215568,314621
1008051,779275818.2,3340343.74
1008052,8992426,2951382
1008053,7660494,0
1008066,5196017,17668
1008078,4155307.273,8248.0079
1008079,344595172.2,2984551.808
1008081,415757112.5,0
1008086,7809603.52,5272683.81
1008087,10341706.62,3144286.39
1008090,24034792.91,12086978.64
1008092,27376674,8780722
1008111,0,54096013
1008113,23964345,13457470
1008116,176579920.4,80174.6947
1008134,65504147.35,2462186.59
1008141,336813844.6,122265102.2
1008163,1787789,8537805.8
1008165,4453793,10904
1008167,7657510,983598
1008170,7496002.6,27273.63
1008172,174533142,78562800
1008173,61566297.96,36504275.9
1008190,1686378,677905
1008199,5659690,0
1008202,316350800,33972541
1008203,6667560,2740951
1008206,71884772.19,7808450
1008219,126636410.6,53013893.7
1008224,4205477.9,460312.7
1008241,41932606.84,2114899.19
1008242,17302332.75,312683.67
1008270,165039884,29055378.2
1008275,93932132.35,37525590.82
1008287,172847849,11257712.64
1008289,184201866,153948.82
1008290,182886792,45821327.05
1008293,17801359.84,5936667.89
1008296,165238441.7,394536.74
1008299,6708257,644790
1008308,246605,440836.34
1008323,1061011,4915
1008331,93069481.77,32350580.49
1008346,12186790.84,31038698.22
1008348,4649700,0
1008351,207811228.5,58874687.5
1008352,8541278.7,1865092.4
1008353,3835266.4,80155.9
1008354,10489475,181461.1
1008355,227409669.3,392442.42
1008383,28489017.71,3671079.67
1008395,2124585.4,14042.2
1008396,26889562.6,5504609.2
1008402,127973869.8,16319769.71
1008405,10151131.16,4018.9
1008407,8510444.58,5361246.62
1008411,8222012,249549.81
1008439,3755735,4479348
1008471,132532481.2,50302828.18
1008472,257444113.2,18886424.31
1008474,12846107,0
1008475,20327868.27,99752.71924
1008481,252891637.8,0
1008490,111427136,50346855.25
1008492,118190000,331.63
1008499,3413213.13,34121397.96
1008503,1008424617,0
1008506,5289547,1784611
1008523,961322662,0
1008526,161115599,53938381
1008527,321785451,0
1008528,859692,730086
1008530,34122902,2223230
1008534,452044,9402014
1008536,169199681,5039.97
1008538,38271875,7175654
1008540,8660881,63348
1008544,256262425.7,60351569.4
1008545,2199881.8,140448
1008548,194225,120683
1008576,29620,24.45
1008577,3018227,2882249.15
1008587,22612198,920410
1008588,131922620.2,0
1008590,69402939.21,180458.03
1008598,4121226.22,274558.65
1008604,51284764,4882982
1008607,296460127.9,107930953.4
1008608,32188400.88,0
1008616,78488883.73,4186997.19
1008622,52377561,865179
1008630,105152188.6,6410402.824
1008632,58622823.16,15517342.2
1008639,1288385.136,2111365.379
1008642,52388051,12188935.23
1008673,26519578.17,0
1008698,1971322.8,21366.9
1008700,16192731.4,4294671.9
1008702,109755871.4,5416538.4
1008703,1504730.6,5970.5
1008714,17249113.15,9576917.119
1008753,12829707.77,11985.84
1008755,6023271.48,42828.69
1008783,558448628,118218
1008784,742913.54,0
1008788,594898,1976260
1008794,71022135.89,11837912.22
1008795,157278614.2,0
1008806,41500963.62,1729088.7
1008807,4033121.11,92599.53
1008857,1196238.874,2203624
1008882,54947637.23,0
1008885,2424437,1181506.98
1008890,14199194.65,4266198.156
1008937,189639330.9,0
1008954,263239034,17114
1008957,99504551.22,0
1008958,11350486.38,0
1008959,1754422.117,192450.9105
1008976,6581021.3,80507.1
1008977,25295765.4,277677.6
1008979,4835461.3,3996598.2
1008980,17124111.7,7241187
1008998,7487539,4405675
1009039,152059023.7,39487250.43
1009056,20460780,4955052.47
1009076,215668995,102190.8
1009082,19026149.25,604435.8268
1009098,169813808.4,2245641.76
1009101,15812607,4021
1009106,10769338,8941357
1009115,5117541.31,1670994.15
1009125,231234263.7,1564538.771
1009126,2530525.19,1508307
1009135,12691799,526109.8
1009139,8151493,0
1009141,18785347.71,52893.0033
1009143,20064541.74,692761.5322
1009165,75677144.05,465644.55
1009170,190723000,61915
1009185,7815477.119,2107821.84
1009192,823366.3226,235923.65
1009197,188397124.3,69718937.72
1009238,95989190,22118130.79
1009240,340919981,73451100
1009242,29706105.68,3262461.81
1009253,49042928.37,31606669.93
1009260,158425838.7,18437825.91
1009261,28243885.38,10437391.5
1009265,37807661.25,2847488.83
1009274,37544126.05,2593394.19
1009276,23688471,1053.42
1009278,15127464,11102103.09
1009281,24682873.1,8501704.7
1009286,228152460.7,25631828.64
1009301,358387717.9,0
1009308,0,0
1009332,51135619,374146
1009335,78072167,2015900
1009350,18978738,6517842
1009353,80613553.45,5075607.75
1009354,31661611.93,7764627.702
1009357,2992517.74,2244452.09
1009386,16341159.81,3847214.015
1009387,143192700.7,10709.2256
1009388,19032029.13,21677.4526
1009389,8281867.52,45774
1009390,334891704.1,84420330.32
1009391,356215337.5,38233270.8
1009392,72442215.14,268.3304
1009434,249347921.5,83918945.68
1009436,7586873,346274
1009485,371013384.1,0
1009490,4356846,1938862
1009547,29877144,1670206.28
1009582,18960.32909,193959.05
1009584,144583881,497077
1009588,217113512,853247
1009595,22370709.18,13946098
1009607,1330928.25,1023418.909
1009624,104227649,2517622
1009625,45721931.71,17228915.95
1009665,760607.16,0
1009666,54235303.14,2576.023
1009674,65087942,28652196
1009683,35707502,18060
1009686,28402298.43,200582.1
1009689,3538823.25,4012.48
1009691,38877556.4,16107158.1
1009706,91352680,2043360.17
1009707,381586693,106917404
1009720,38815510.48,3791571.674
1009728,21831253.39,13834572.43
1009731,7394253.612,2735142.875
1009732,68849624.07,0
1009762,383733,608410
1009783,4255832,354256
1009785,62884717.49,140927.8
1009811,22388814.78,469336.02
1009813,1859547,276424
1009830,4096642.58,1351881.81
1009837,1861134,100711
1009845,4538198.93,80241.92
1009846,10053285.33,5742352.87
1009848,31232009.84,1033716.36
1009860,9731125.3,5383.7
1009862,2234049,64808
1009878,669645,0
1009885,21397700.26,6986773.647
1009890,553615976.8,16003.98
1009907,109700739.4,66413.47
1009932,5126044.2,108056.706
1009956,27021285.08,3046608.35
1009967,2636425.464,382320.342
1010002,1973193,1246271
1010084,68508619,2638025
1010117,454840,226106
1010157,4306396,18526
1010164,1738481.94,337625.53
1010181,30630653.51,122669.23
1010183,1132409201,5181436.382
1010190,22882570,11596741
1010205,309626920.6,0
1010222,113226254.9,3504610.13
1010233,1745696573,300851
1010291,187738.46,266718.8
1010294,29780457.58,3772650.634
1010318,2832466,522344
1010319,997128,19966
1010320,9706992,158381
1010325,85063139,22207770
1010372,11048897.67,3237937.105
1010397,19053939.23,266238.3132
1010485,9327332,218795
1010505,6522726.628,4032453.328
1010521,7095468.98,5068201.98
1010588,64002836.1,26577083.74
1010621,82903655,58066
1010673,3060669,13419
1010701,20505075,1035986
1010707,184270,530684
1010718,49467614.74,257774.5561
1010721,1192769404,8896642.62
1010738,477026,700659
1010784,3434102.21,548125.2
1010837,2165466.09,875502.32
1010839,25273361,193866
1010932,370134.8,3650491
1010943,66190944.59,4586104.321
1010945,2913251.62,4974094.186
1011081,15186.6,46429.6
1011091,2600447.32,17820.65
1011100,5540169,20911.13
1011185,6259984,1252026
1011191,103081596.7,3525192.254
1011194,11221803.7,2749.493319
1011223,2551323.707,516147.2598
1011231,1248061,47445
1011250,1679000,931292
1011318,9392190,2171328
1011387,8082186,2797161.28
1011393,52144133.58,6630206.854
1011450,192892321,4544767.33
1011454,734340629.6,1742325.475
1011463,4550904,909235
1011498,17083728.63,5448867
1011508,690773.86,207.51
1011519,10318388.67,706538.86
1011531,13764674,6525907
1011534,7709435.235,834185.039
1011535,19496794.37,157493.88
1011555,138330170.4,70915279.59
1011596,14856499,73474
1011652,8318171.354,260630.6336
1011654,3280266,21137
1011659,108118270,46856084
1011662,5176260,180890
1011666,73957514,1717784
1011673,289346,676770
1011674,21884939,1524
1011684,8786050,26358
1011688,67410870.24,143045.78
1011689,100269,102428
1011690,67804594,18436247
1011706,364739896,397839
1011735,41158267.9,5127582
1011752,3292967,221630
1011761,128791862,19289953.31
1011763,18621731.9,7277.5
1011765,25888438.7,83403.5
1011773,1152463.09,1564247.88
1011782,23746018,16631625.8
1011804,813,58417
1011831,2095497.227,2965923
1011847,580823.5,357738.4
1011854,115214576.9,6696613.425
1011873,4485270.73,4850418.97
1011895,14910315,150723
1011913,218351762.4,0
1011923,1159330.208,1839235.625
1011962,1820565.96,131020
1011975,27227,1253
1011978,34501622,6052.87
1011995,38522392.34,68651.99
1011998,69523845,494734
1012014,1780382,122469
1012021,4604901.96,1794609.85
1012024,34284136.35,1207516.001
1012040,68707829.85,265319.69
1012048,298310,144105
1012059,263701,279094
1012060,528463.8018,188561.3441
1012068,80874779.07,20218238.99
1012070,10874985.9,65503.68
1012077,1553935.616,431996.3413
1012100,14893181.65,1593764.59
1012129,74599135.26,20498491.23
1012376,39582004.49,5364658.916
1012437,39459995.4,829741.3
1012449,20609931,4594770
1012509,377951313,54583
1012511,103817292,5725
1012528,119762176.8,734180.1594
1012537,115352888,0
1012556,81599836.53,6646389.826
1012569,2083831,503247
1012571,295344.29,1499031.63
1012605,42369476,38039
1012612,4186797,22453
1012664,49795233,1269269
1012666,2017557,421601
1012706,15039020.33,73812.93
1012724,34515029,516776
1012728,42169568,44930.1
1012734,46954160,159793
1012780,50997009.72,4852015.81
1012816,3808716,88017
1012823,2910019.61,2524735.89
1012825,6166999,1339942
1012873,14663448.74,3438201.713
1012893,1265779,371945
1012909,114268638.3,809076.25
1012936,166101888,149948
1012940,24214814.25,9662460.966
1012945,2569436.9,508395.765
1012947,299367.36,422206.7
1012952,1418585.764,4840.138084
1012984,4928347,39001
1012988,210151617,730581
1013010,7332500,9235
1013021,1654179,730193
1013023,6917794,2721192
1013026,3725570,759326
1013034,29367.18,131247.15
1013035,111058289,344589
1013038,31064360.42,9301875.33
1013078,4242302.6,1814259.6
1013080,319010206.2,281152.49
1013087,1888923,840816
1013089,12684161,136265
1013091,275424,508907
1013100,92920143.75,8334.312096
1013104,31209404,0
1013106,,
1013111,28942205,182788
1013123,40665513.74,4051217.306
1013128,128242265.7,15477115.2
1013214,11137699.96,72821.91
1013216,4712067.632,1623668.843
1013222,45305546,18181010
1013227,5723425,657459
1013241,15408997,3663626
1013261,58778528,8844
1013264,3268644.29,1607043.81
1013268,672399.66,539504.58
1013283,346330708.8,6428338.545
1013285,20920959.53,637990.479
1013288,2902389,3423076
1013289,7860984,2649080
1013291,18393289,9733481
1013301,3320513,2548444
1013303,31632067.28,14242274.61
1013304,633531,850588
1013306,141252306,486792
1013318,874064,1504122.66
1013324,4380508,3063967
1013325,53160795.12,11816349
1013337,16701397.47,640820.1833
1013339,41556808.04,3395081.849
1013344,286912,848870
1013346,2892206.16,302806.235
1013354,10604817,4751849
1013357,3065005,38112
1013367,8787912.458,6481251.95
1013369,6697564.763,562058.994
1013377,18185395,5760795
1013381,780760.3609,485278.99
1013386,191114176.8,2443837.885
1013393,5932601,3778610
1013407,20504254.93,11734493.18
1013412,4682093.087,730438.6666
1013413,29747610.49,1858960.94
1013414,6599141,8778
1013417,2211247,779228
1013483,13943034,3409245
1013547,3157044,1692952
1013580,9017045.96,588094.75
1013595,65518482.03,81578.75249
1013601,23643783,28450
1013606,6409651.26,1821732
1013614,124832779.9,4790033.517
1013626,10190108.51,414602.9299
1013657,49407840,73556
1013671,4503657,3235595
1013674,27294443,6292306
1013677,14477108,1018
1013682,377999.1,251454.32
1013691,38506999.8,71018.65
1013699,4575337.3,5303263.9
1013706,11763481,165112
1013728,5541640,2430287
1013732,20660722.4,371268.26
1013734,21372054.58,6279227.15
1013735,10024208,3975338
1013736,29146504,1765726
1013742,26974753.39,2939508.818
1013751,2428360.7,94609.72
1013771,16198499.28,4523834.228
1013833,32782025.88,2780801.66
1013845,118983395,31131634
1013847,5468,20321
1013851,2104512,1278713
1013861,6979918.253,72107.49797
1013870,33428694,395145
1013896,12853934,11021
1013913,5258264.86,4205118.36
1013918,2358089,1998111
1013922,13844556,0
1013925,16305004.51,539652.0464
1013931,4701100,1862921
1013936,2057576.974,680035
1013938,766362,533202
1013948,8538509.68,1511595.01
1013983,13129100.24,4834936.736
1013986,1426107.38,840880.45
1013993,7865354.06,2872216.2
1014024,7956614,1545922
1000355,,
1000435,,
1000435,,
1000435,,
1000435,,
1000435,,
1000435,,
1000435,,
1000435,,
1000435,,
1000435,,
1002978,,
1003056,,
1003056,,
1004628,,
1004905,,
1005963,,
1005963,,
1005963,,
1006564,,
1006564,,
1006564,,
1006564,,
1006564,,
1006564,,
1006564,,
1006564,,
1006564,,
1006564,,
1006564,,
1006564,,
1006564,,
1006564,,
1006564,,
1006564,,
1006564,,
1006564,,
1006564,,
1006564,,
1006564,,
1006564,,
1006564,,
1006564,,
1006564,,
1006564,,
1006564,,
1006564,,
1006564,,
1006564,,
1006564,,
1006564,,
1006750,,
1006750,,
1006770,,
1006770,,
1006770,,
1006770,,
1006770,,
1006770,,
1006770,,
1006770,,
1006770,,
1006770,,
1006770,,
1006770,,
1006770,,
1006770,,
1006770,,
1006770,,
1006770,,
1006770,,
1006770,,
1006770,,
1006770,,
1006770,,
1006770,,
1006770,,
1006770,,
1006770,,
1006770,,
1006770,,
1006770,,
1006770,,
1006770,,
1006770,,
1006770,,
1007037,,
1007037,,
1007037,,
1007037,,
1007037,,
1007037,,
1007037,,
1007037,,
1007037,,
1007037,,
1007037,,
1007037,,
1007037,,
1007037,,
1007037,,
1007037,,
1007037,,
1007037,,
1007037,,
1007037,,
1007037,,
1007037,,
1007037,,
1007475,,
1007475,,
1007475,,
1007475,,
1007475,,
1007475,,
1007475,,
1007475,,
1007475,,
1007475,,
1007475,,
1007475,,
1007475,,
1007475,,
1007475,,
1007475,,
1007475,,
1007475,,
1007475,,
1007475,,
1007475,,
1007475,,
1007475,,
1007475,,
1007475,,
1007475,,
1007475,,
1007475,,
1007475,,
1007479,,
1007479,,
1007479,,
1007479,,
1007479,,
1007479,,
1007479,,
1007479,,
1007479,,
1007479,,
1007479,,
1007479,,
1007479,,
1007479,,
1007479,,
1007479,,
1007479,,
1007481,,
1007481,,
1007482,,
1007482,,
1007482,,
1007482,,
1007483,,
1007483,,
1007483,,
1007484,,
1007484,,
1007484,,
1007484,,
1007484,,
1007484,,
1007484,,
1007484,,
1007484,,
1007484,,
1007484,,
1007484,,
1007484,,
1007485,,
1007485,,
1007485,,
1007485,,
1007485,,
1007485,,
1007485,,
1007485,,
1007485,,
1007485,,
1007485,,
1007486,,
1007486,,
1007486,,
1007486,,
1007486,,
1007599,,
1007599,,
1007599,,
1007599,,
1007599,,
1007599,,
1007599,,
1007777,,
1007777,,
1007777,,
1007777,,
1007807,,
1008051,,
1008051,,
1008051,,
1008051,,
1008051,,
1008051,,
1008051,,
1008051,,
1008051,,
1008051,,
1008051,,
1008051,,
1008051,,
1008051,,
1008051,,
1008052,,
1008052,,
1008052,,
1008052,,
1008052,,
1008052,,
1008053,,
1008066,,
1008066,,
1008066,,
1008066,,
1008066,,
1008066,,
1008066,,
1008066,,
1008066,,
1008066,,
1008066,,
1008066,,
1008078,,
1008078,,
1008079,,
1008079,,
1008079,,
1008079,,
1008079,,
1008079,,
1008079,,
1008079,,
1008079,,
1008079,,
1008079,,
1008079,,
1008079,,
1008079,,
1008079,,
1008079,,
1008079,,
1008079,,
1008079,,
1008079,,
1008079,,
1008079,,
1008079,,
1008079,,
1008079,,
1008079,,
1008079,,
1008079,,
1008079,,
1008079,,
1008079,,
1008079,,
1008079,,
1008079,,
1008079,,
1008079,,
1008079,,
1008079,,
1008079,,
1008079,,
1008079,,
1008079,,
1008079,,
1008079,,
1008079,,
1008079,,
1008081,,
1008081,,
1008081,,
1008081,,
1008081,,
1008086,,
1008086,,
1008087,,
1008087,,
1008090,,
1008090,,
1008090,,
1008092,,
1008092,,
1008092,,
1008092,,
1008092,,
1008092,,
1008111,,
1008111,,
1008113,,
1008113,,
1008113,,
1008113,,
1008113,,
1008113,,
1008113,,
1008116,,
1008116,,
1008116,,
1008116,,
1008116,,
1008116,,
1008116,,
1008116,,
1008116,,
1008116,,
1008116,,
1008116,,
1008116,,
1008116,,
1008116,,
1008116,,
1008116,,
1008116,,
1008116,,
1008116,,
1008116,,
1008116,,
1008134,,
1008134,,
1008134,,
1008134,,
1008141,,
1008141,,
1008141,,
1008141,,
1008141,,
1008141,,
1008141,,
1008141,,
1008141,,
1008141,,
1008141,,
1008141,,
1008141,,
1008141,,
1008141,,
1008141,,
1008141,,
1008141,,
1008141,,
1008141,,
1008141,,
1008141,,
1008141,,
1008141,,
1008141,,
1008141,,
1008141,,
1008141,,
1008141,,
1008141,,
1008141,,
1008141,,
1008141,,
1008141,,
1008141,,
1008141,,
1008141,,
1008141,,
1008141,,
1008141,,
1008141,,
1008141,,
1008141,,
1008141,,
1008141,,
1008141,,
1008141,,
1008141,,
1008141,,
1008141,,
1008141,,
1008141,,
1008141,,
1008141,,
1008141,,
1008141,,
1008141,,
1008141,,
1008141,,
1008141,,
1008141,,
1008141,,
1008141,,
1008163,,
1008165,,
1008167,,
1008170,,
1008170,,
1008172,,
1008173,,
1008173,,
1008173,,
1008173,,
1008190,,
1008190,,
1008190,,
1008190,,
1008190,,
1008190,,
1008190,,
1008190,,
1008190,,
1008190,,
1008199,,
1008199,,
1008199,,
1008202,,
1008202,,
1008202,,
1008202,,
1008202,,
1008202,,
1008203,,
1008203,,
1008206,,
1008206,,
1008206,,
1008206,,
1008206,,
1008206,,
1008219,,
1008219,,
1008219,,
1008219,,
1008219,,
1008219,,
1008219,,
1008219,,
1008219,,
1008219,,
1008219,,
1008219,,
1008219,,
1008219,,
1008219,,
1008219,,
1008219,,
1008219,,
1008219,,
1008219,,
1008219,,
1008219,,
1008219,,
1008219,,
1008219,,
1008219,,
1008219,,
1008219,,
1008219,,
1008219,,
1008219,,
1008224,,
1008224,,
1008224,,
1008224,,
1008224,,
1008224,,
1008224,,
1008224,,
1008224,,
1008224,,
1008224,,
1008241,,
1008241,,
1008241,,
1008241,,
1008241,,
1008241,,
1008241,,
1008241,,
1008241,,
1008241,,
1008241,,
1008241,,
1008241,,
1008241,,
1008241,,
1008241,,
1008241,,
1008241,,
1008241,,
1008241,,
1008241,,
1008241,,
1008241,,
1008241,,
1008242,,
1008242,,
1008242,,
1008242,,
1008242,,
1008242,,
1008242,,
1008270,,
1008270,,
1008275,,
1008275,,
1008275,,
1008275,,
1008275,,
1008275,,
1008275,,
1008275,,
1008275,,
1008275,,
1008287,,
1008287,,
1008287,,
1008287,,
1008287,,
1008287,,
1008287,,
1008287,,
1008287,,
1008287,,
1008287,,
1008287,,
1008287,,
1008287,,
1008287,,
1008287,,
1008287,,
1008287,,
1008287,,
1008287,,
1008287,,
1008287,,
1008287,,
1008287,,
1008287,,
1008287,,
1008289,,
1008289,,
1008289,,
1008289,,
1008289,,
1008289,,
1008289,,
1008289,,
1008289,,
1008289,,
1008289,,
1008290,,
1008290,,
1008290,,
1008290,,
1008290,,
1008290,,
1008290,,
1008293,,
1008293,,
1008293,,
1008293,,
1008293,,
1008293,,
1008293,,
1008293,,
1008293,,
1008293,,
1008293,,
1008293,,
1008296,,
1008296,,
1008296,,
1008296,,
1008296,,
1008296,,
1008296,,
1008299,,
1008299,,
1008299,,
1008299,,
1008299,,
1008299,,
1008299,,
1008299,,
1008299,,
1008299,,
1008299,,
1008299,,
1008299,,
1008299,,
1008299,,
1008299,,
1008299,,
1008299,,
1008299,,
1008299,,
1008299,,
1008308,,
1008323,,
1008323,,
1008323,,
1008323,,
1008323,,
1008323,,
1008331,,
1008331,,
1008331,,
1008331,,
1008331,,
1008331,,
1008331,,
1008331,,
1008331,,
1008331,,
1008346,,
1008346,,
1008348,,
1008348,,
1008348,,
1008351,,
1008351,,
1008351,,
1008351,,
1008351,,
1008351,,
1008351,,
1008351,,
1008351,,
1008351,,
1008351,,
1008351,,
1008351,,
1008351,,
1008351,,
1008351,,
1008351,,
1008351,,
1008351,,
1008351,,
1008351,,
1008351,,
1008351,,
1008352,,
1008352,,
1008352,,
1008352,,
1008352,,
1008352,,
1008352,,
1008352,,
1008353,,
1008353,,
1008353,,
1008354,,
1008354,,
1008355,,
1008355,,
1008383,,
1008383,,
1008383,,
1008383,,
1008395,,
1008395,,
1008396,,
1008396,,
1008396,,
1008396,,
1008396,,
1008402,,
1008402,,
1008402,,
1008402,,
1008405,,
1008405,,
1008405,,
1008405,,
1008405,,
1008405,,
1008405,,
1008405,,
1008405,,
1008407,,
1008407,,
1008411,,
1008411,,
1008411,,
1008411,,
1008411,,
1008411,,
1008411,,
1008411,,
1008411,,
1008411,,
1008411,,
1008411,,
1008411,,
1008411,,
1008411,,
1008411,,
1008411,,
1008411,,
1008439,,
1008439,,
1008439,,
1008439,,
1008439,,
1008471,,
1008471,,
1008471,,
1008471,,
1008471,,
1008471,,
1008471,,
1008471,,
1008471,,
1008471,,
1008471,,
1008471,,
1008471,,
1008471,,
1008471,,
1008471,,
1008472,,
1008472,,
1008472,,
1008472,,
1008472,,
1008472,,
1008472,,
1008472,,
1008472,,
1008472,,
1008472,,
1008472,,
1008472,,
1008472,,
1008472,,
1008472,,
1008472,,
1008472,,
1008472,,
1008472,,
1008472,,
1008472,,
1008472,,
1008472,,
1008472,,
1008474,,
1008474,,
1008474,,
1008474,,
1008474,,
1008474,,
1008474,,
1008474,,
1008474,,
1008475,,
1008475,,
1008475,,
1008475,,
1008475,,
1008475,,
1008475,,
1008475,,
1008475,,
1008481,,
1008481,,
1008481,,
1008481,,
1008481,,
1008490,,
1008490,,
1008490,,
1008490,,
1008490,,
1008490,,
1008492,,
1008492,,
1008492,,
1008492,,
1008492,,
1008492,,
1008492,,
1008499,,
1008499,,
1008499,,
1008503,,
1008503,,
1008506,,
1008506,,
1008506,,
1008506,,
1008506,,
1008506,,
1008506,,
1008506,,
1008506,,
1008506,,
1008506,,
1008506,,
1008506,,
1008523,,
1008523,,
1008523,,
1008523,,
1008523,,
1008526,,
1008526,,
1008526,,
1008526,,
1008526,,
1008526,,
1008526,,
1008526,,
1008526,,
1008526,,
1008526,,
1008526,,
1008526,,
1008526,,
1008526,,
1008526,,
1008527,,
1008527,,
1008527,,
1008528,,
1008530,,
1008530,,
1008530,,
1008530,,
1008530,,
1008530,,
1008530,,
1008530,,
1008530,,
1008530,,
1008530,,
1008530,,
1008530,,
1008530,,
1008530,,
1008530,,
1008530,,
1008530,,
1008530,,
1008530,,
1008530,,
1008530,,
1008530,,
1008530,,
1008530,,
1008530,,
1008530,,
1008530,,
1008530,,
1008530,,
1008530,,
1008530,,
1008530,,
1008530,,
1008530,,
1008530,,
1008534,,
1008534,,
1008536,,
1008536,,
1008536,,
1008538,,
1008538,,
1008540,,
1008540,,
1008540,,
1008540,,
1008540,,
1008540,,
1008540,,
1008540,,
1008540,,
1008544,,
1008544,,
1008544,,
1008544,,
1008544,,
1008544,,
1008544,,
1008544,,
1008544,,
1008544,,
1008544,,
1008544,,
1008544,,
1008544,,
1008544,,
1008544,,
1008544,,
1008544,,
1008545,,
1008545,,
1008545,,
1008545,,
1008545,,
1008545,,
1008545,,
1008545,,
1008545,,
1008545,,
1008548,,
1008548,,
1008548,,
1008548,,
1008576,,
1008577,,
1008577,,
1008577,,
1008577,,
1008587,,
1008587,,
1008587,,
1008587,,
1008587,,
1008587,,
1008587,,
1008587,,
1008587,,
1008587,,
1008587,,
1008587,,
1008587,,
1008587,,
1008587,,
1008587,,
1008587,,
1008587,,
1008587,,
1008587,,
1008587,,
1008587,,
1008588,,
1008588,,
1008588,,
1008588,,
1008588,,
1008588,,
1008588,,
1008588,,
1008588,,
1008588,,
1008588,,
1008588,,
1008588,,
1008588,,
1008588,,
1008588,,
1008588,,
1008588,,
1008588,,
1008588,,
1008588,,
1008588,,
1008588,,
1008588,,
1008590,,
1008590,,
1008590,,
1008590,,
1008590,,
1008590,,
1008598,,
1008598,,
1008598,,
1008598,,
1008598,,
1008598,,
1008598,,
1008598,,
1008598,,
1008598,,
1008598,,
1008604,,
1008604,,
1008604,,
1008604,,
1008604,,
1008607,,
1008607,,
1008607,,
1008607,,
1008607,,
1008607,,
1008607,,
1008607,,
1008607,,
1008607,,
1008607,,
1008608,,
1008616,,
1008616,,
1008616,,
1008616,,
1008616,,
1008616,,
1008616,,
1008616,,
1008616,,
1008616,,
1008616,,
1008616,,
1008616,,
1008616,,
1008616,,
1008616,,
1008616,,
1008616,,
1008622,,
1008622,,
1008630,,
1008630,,
1008630,,
1008630,,
1008630,,
1008630,,
1008632,,
1008632,,
1008632,,
1008639,,
1008639,,
1008639,,
1008639,,
1008639,,
1008639,,
1008639,,
1008639,,
1008639,,
1008639,,
1008639,,
1008639,,
1008639,,
1008639,,
1008639,,
1008639,,
1008639,,
1008639,,
1008639,,
1008642,,
1008642,,
1008642,,
1008642,,
1008642,,
1008642,,
1008642,,
1008673,,
1008673,,
1008673,,
1008673,,
1008673,,
1008673,,
1008673,,
1008698,,
1008698,,
1008698,,
1008698,,
1008698,,
1008698,,
1008698,,
1008698,,
1008698,,
1008698,,
1008698,,
1008698,,
1008698,,
1008698,,
1008700,,
1008700,,
1008700,,
1008700,,
1008700,,
1008700,,
1008700,,
1008700,,
1008700,,
1008700,,
1008700,,
1008700,,
1008700,,
1008700,,
1008700,,
1008700,,
1008702,,
1008702,,
1008702,,
1008702,,
1008702,,
1008702,,
1008702,,
1008702,,
1008702,,
1008702,,
1008702,,
1008702,,
1008702,,
1008702,,
1008702,,
1008702,,
1008702,,
1008702,,
1008702,,
1008702,,
1008702,,
1008702,,
1008702,,
1008702,,
1008702,,
1008702,,
1008702,,
1008702,,
1008702,,
1008702,,
1008703,,
1008703,,
1008703,,
1008703,,
1008703,,
1008703,,
1008703,,
1008703,,
1008703,,
1008703,,
1008714,,
1008714,,
1008714,,
1008714,,
1008714,,
1008753,,
1008753,,
1008753,,
1008753,,
1008753,,
1008753,,
1008753,,
1008753,,
1008753,,
1008753,,
1008753,,
1008753,,
1008753,,
1008753,,
1008753,,
1008753,,
1008753,,
1008753,,
1008753,,
1008755,,
1008755,,
1008755,,
1008755,,
1008755,,
1008783,,
1008783,,
1008783,,
1008783,,
1008783,,
1008783,,
1008783,,
1008783,,
1008783,,
1008783,,
1008783,,
1008783,,
1008783,,
1008783,,
1008783,,
1008783,,
1008783,,
1008783,,
1008783,,
1008783,,
1008783,,
1008783,,
1008783,,
1008783,,
1008783,,
1008783,,
1008783,,
1008783,,
1008783,,
1008783,,
1008783,,
1008783,,
1008783,,
1008783,,
1008783,,
1008783,,
1008784,,
1008784,,
1008784,,
1008788,,
1008788,,
1008788,,
1008788,,
1008788,,
1008788,,
1008788,,
1008788,,
1008788,,
1008788,,
1008788,,
1008794,,
1008794,,
1008794,,
1008795,,
1008795,,
1008795,,
1008795,,
1008795,,
1008806,,
1008806,,
1008806,,
1008806,,
1008806,,
1008806,,
1008806,,
1008806,,
1008806,,
1008806,,
1008806,,
1008806,,
1008806,,
1008806,,
1008806,,
1008806,,
1008806,,
1008806,,
1008807,,
1008807,,
1008807,,
1008857,,
1008857,,
1008857,,
1008857,,
1008882,,
1008882,,
1008882,,
1008882,,
1008882,,
1008882,,
1008882,,
1008882,,
1008885,,
1008885,,
1008885,,
1008885,,
1008885,,
1008885,,
1008885,,
1008890,,
1008890,,
1008890,,
1008890,,
1008937,,
1008937,,
1008937,,
1008954,,
1008957,,
1008957,,
1008957,,
1008957,,
1008958,,
1008958,,
1008958,,
1008958,,
1008958,,
1008959,,
1008959,,
1008959,,
1008976,,
1008976,,
1008977,,
1008977,,
1008979,,
1008980,,
1008980,,
1008980,,
1008980,,
1008980,,
1008980,,
1008980,,
1008998,,
1008998,,
1008998,,
1008998,,
1008998,,
1008998,,
1008998,,
1008998,,
1008998,,
1009039,,
1009039,,
1009039,,
1009039,,
1009039,,
1009039,,
1009039,,
1009039,,
1009039,,
1009039,,
1009039,,
1009039,,
1009039,,
1009056,,
1009056,,
1009056,,
1009056,,
1009076,,
1009076,,
1009076,,
1009076,,
1009076,,
1009076,,
1009076,,
1009082,,
1009082,,
1009082,,
1009082,,
1009082,,
1009082,,
1009082,,
1009082,,
1009082,,
1009082,,
1009082,,
1009082,,
1009082,,
1009082,,
1009082,,
1009082,,
1009082,,
1009082,,
1009082,,
1009082,,
1009098,,
1009098,,
1009098,,
1009098,,
1009098,,
1009098,,
1009098,,
1009098,,
1009101,,
1009101,,
1009101,,
1009101,,
1009101,,
1009101,,
1009101,,
1009101,,
1009101,,
1009101,,
1009101,,
1009101,,
1009101,,
1009101,,
1009101,,
1009106,,
1009106,,
1009106,,
1009106,,
1009106,,
1009106,,
1009106,,
1009106,,
1009115,,
1009115,,
1009115,,
1009125,,
1009126,,
1009135,,
1009135,,
1009135,,
1009135,,
1009135,,
1009135,,
1009135,,
1009135,,
1009135,,
1009135,,
1009135,,
1009135,,
1009135,,
1009135,,
1009135,,
1009135,,
1009135,,
1009135,,
1009135,,
1009135,,
1009135,,
1009135,,
1009135,,
1009135,,
1009135,,
1009135,,
1009135,,
1009135,,
1009135,,
1009135,,
1009135,,
1009135,,
1009135,,
1009135,,
1009135,,
1009135,,
1009135,,
1009135,,
1009135,,
1009135,,
1009135,,
1009135,,
1009135,,
1009135,,
1009135,,
1009135,,
1009135,,
1009135,,
1009135,,
1009135,,
1009139,,
1009141,,
1009141,,
1009143,,
1009143,,
1009143,,
1009143,,
1009143,,
1009143,,
1009143,,
1009143,,
1009143,,
1009143,,
1009143,,
1009143,,
1009143,,
1009143,,
1009143,,
1009143,,
1009143,,
1009143,,
1009143,,
1009143,,
1009143,,
1009143,,
1009143,,
1009143,,
1009143,,
1009143,,
1009143,,
1009143,,
1009143,,
1009143,,
1009143,,
1009143,,
1009165,,
1009170,,
1009170,,
1009170,,
1009170,,
1009170,,
1009170,,
1009170,,
1009170,,
1009170,,
1009170,,
1009170,,
1009170,,
1009185,,
1009192,,
1009192,,
1009192,,
1009192,,
1009192,,
1009192,,
1009192,,
1009192,,
1009192,,
1009192,,
1009197,,
1009197,,
1009197,,
1009197,,
1009197,,
1009197,,
1009197,,
1009197,,
1009197,,
1009197,,
1009197,,
1009238,,
1009238,,
1009238,,
1009238,,
1009238,,
1009238,,
1009240,,
1009240,,
1009240,,
1009240,,
1009240,,
1009240,,
1009240,,
1009240,,
1009240,,
1009240,,
1009240,,
1009240,,
1009240,,
1009240,,
1009240,,
1009240,,
1009240,,
1009240,,
1009240,,
1009240,,
1009240,,
1009240,,
1009240,,
1009240,,
1009240,,
1009240,,
1009240,,
1009240,,
1009240,,
1009240,,
1009240,,
1009240,,
1009240,,
1009240,,
1009240,,
1009242,,
1009242,,
1009242,,
1009242,,
1009242,,
1009242,,
1009242,,
1009242,,
1009242,,
1009253,,
1009253,,
1009253,,
1009253,,
1009260,,
1009260,,
1009260,,
1009260,,
1009260,,
1009260,,
1009260,,
1009260,,
1009260,,
1009260,,
1009260,,
1009261,,
1009261,,
1009261,,
1009265,,
1009265,,
1009265,,
1009265,,
1009265,,
1009265,,
1009265,,
1009265,,
1009265,,
1009265,,
1009265,,
1009265,,
1009265,,
1009265,,
1009265,,
1009265,,
1009274,,
1009274,,
1009274,,
1009274,,
1009274,,
1009274,,
1009274,,
1009274,,
1009274,,
1009274,,
1009274,,
1009274,,
1009274,,
1009274,,
1009274,,
1009274,,
1009274,,
1009274,,
1009274,,
1009276,,
1009276,,
1009278,,
1009278,,
1009278,,
1009281,,
1009281,,
1009281,,
1009281,,
1009286,,
1009286,,
1009301,,
1009301,,
1009301,,
1009301,,
1009301,,
1009301,,
1009301,,
1009301,,
1009301,,
1009301,,
1009301,,
1009301,,
1009308,,
1009308,,
1009308,,
1009308,,
1009308,,
1009308,,
1009308,,
1009308,,
1009308,,
1009308,,
1009308,,
1009308,,
1009308,,
1009308,,
1009308,,
1009308,,
1009308,,
1009308,,
1009308,,
1009332,,
1009332,,
1009332,,
1009332,,
1009332,,
1009335,,
1009335,,
1009335,,
1009335,,
1009335,,
1009335,,
1009335,,
1009335,,
1009335,,
1009335,,
1009335,,
1009335,,
1009335,,
1009335,,
1009335,,
1009335,,
1009335,,
1009335,,
1009335,,
1009335,,
1009335,,
1009335,,
1009335,,
1009335,,
1009335,,
1009335,,
1009335,,
1009335,,
1009335,,
1009335,,
1009335,,
1009335,,
1009335,,
1009350,,
1009350,,
1009353,,
1009353,,
1009353,,
1009353,,
1009353,,
1009353,,
1009353,,
1009353,,
1009353,,
1009353,,
1009353,,
1009353,,
1009353,,
1009353,,
1009354,,
1009357,,
1009357,,
1009386,,
1009386,,
1009386,,
1009386,,
1009386,,
1009386,,
1009386,,
1009386,,
1009386,,
1009386,,
1009386,,
1009386,,
1009386,,
1009386,,
1009386,,
1009386,,
1009386,,
1009386,,
1009386,,
1009386,,
1009386,,
1009386,,
1009386,,
1009387,,
1009387,,
1009387,,
1009387,,
1009387,,
1009387,,
1009387,,
1009388,,
1009388,,
1009388,,
1009388,,
1009388,,
1009388,,
1009388,,
1009389,,
1009389,,
1009390,,
1009390,,
1009390,,
1009390,,
1009390,,
1009390,,
1009390,,
1009390,,
1009390,,
1009390,,
1009390,,
1009390,,
1009390,,
1009390,,
1009390,,
1009390,,
1009390,,
1009390,,
1009390,,
1009390,,
1009390,,
1009390,,
1009390,,
1009390,,
1009390,,
1009390,,
1009390,,
1009390,,
1009390,,
1009390,,
1009390,,
1009390,,
1009390,,
1009390,,
1009390,,
1009390,,
1009390,,
1009390,,
1009390,,
1009390,,
1009390,,
1009391,,
1009391,,
1009391,,
1009391,,
1009391,,
1009391,,
1009391,,
1009391,,
1009391,,
1009391,,
1009391,,
1009391,,
1009391,,
1009391,,
1009391,,
1009391,,
1009391,,
1009391,,
1009391,,
1009391,,
1009391,,
1009391,,
1009391,,
1009391,,
1009391,,
1009391,,
1009391,,
1009391,,
1009391,,
1009391,,
1009391,,
1009391,,
1009391,,
1009391,,
1009391,,
1009391,,
1009391,,
1009391,,
1009391,,
1009391,,
1009391,,
1009391,,
1009391,,
1009391,,
1009391,,
1009391,,
1009391,,
1009391,,
1009391,,
1009392,,
1009392,,
1009392,,
1009392,,
1009392,,
1009392,,
1009392,,
1009392,,
1009392,,
1009392,,
1009392,,
1009392,,
1009392,,
1009392,,
1009392,,
1009392,,
1009392,,
1009392,,
1009392,,
1009392,,
1009392,,
1009392,,
1009392,,
1009392,,
1009392,,
1009434,,
1009434,,
1009434,,
1009434,,
1009434,,
1009434,,
1009434,,
1009434,,
1009434,,
1009434,,
1009434,,
1009434,,
1009434,,
1009434,,
1009434,,
1009434,,
1009434,,
1009434,,
1009434,,
1009434,,
1009436,,
1009436,,
1009436,,
1009436,,
1009436,,
1009436,,
1009436,,
1009436,,
1009436,,
1009436,,
1009436,,
1009436,,
1009485,,
1009485,,
1009485,,
1009485,,
1009485,,
1009490,,
1009490,,
1009490,,
1009490,,
1009490,,
1009490,,
1009490,,
1009490,,
1009490,,
1009490,,
1009490,,
1009490,,
1009547,,
1009547,,
1009547,,
1009547,,
1009547,,
1009547,,
1009547,,
1009547,,
1009547,,
1009547,,
1009547,,
1009547,,
1009547,,
1009547,,
1009547,,
1009547,,
1009547,,
1009547,,
1009547,,
1009582,,
1009584,,
1009584,,
1009584,,
1009584,,
1009584,,
1009584,,
1009584,,
1009584,,
1009584,,
1009584,,
1009584,,
1009588,,
1009588,,
1009588,,
1009588,,
1009588,,
1009588,,
1009588,,
1009588,,
1009595,,
1009595,,
1009595,,
1009607,,
1009607,,
1009607,,
1009607,,
1009607,,
1009607,,
1009624,,
1009624,,
1009624,,
1009625,,
1009625,,
1009625,,
1009625,,
1009625,,
1009665,,
1009665,,
1009666,,
1009666,,
1009666,,
1009666,,
1009674,,
1009674,,
1009674,,
1009674,,
1009674,,
1009683,,
1009686,,
1009686,,
1009686,,
1009686,,
1009686,,
1009686,,
1009686,,
1009686,,
1009686,,
1009686,,
1009686,,
1009689,,
1009689,,
1009689,,
1009691,,
1009691,,
1009691,,
1009706,,
1009706,,
1009706,,
1009706,,
1009706,,
1009707,,
1009707,,
1009707,,
1009707,,
1009707,,
1009707,,
1009707,,
1009707,,
1009707,,
1009707,,
1009707,,
1009707,,
1009707,,
1009707,,
1009707,,
1009707,,
1009707,,
1009720,,
1009720,,
1009720,,
1009720,,
1009720,,
1009720,,
1009720,,
1009728,,
1009728,,
1009728,,
1009728,,
1009728,,
1009728,,
1009731,,
1009731,,
1009731,,
1009731,,
1009732,,
1009732,,
1009762,,
1009762,,
1009783,,
1009783,,
1009783,,
1009783,,
1009783,,
1009783,,
1009783,,
1009783,,
1009783,,
1009783,,
1009783,,
1009783,,
1009783,,
1009783,,
1009783,,
1009783,,
1009783,,
1009783,,
1009783,,
1009783,,
1009783,,
1009783,,
1009783,,
1009783,,
1009783,,
1009783,,
1009785,,
1009785,,
1009785,,
1009785,,
1009785,,
1009811,,
1009811,,
1009811,,
1009811,,
1009811,,
1009811,,
1009811,,
1009813,,
1009813,,
1009813,,
1009813,,
1009813,,
1009813,,
1009813,,
1009813,,
1009813,,
1009813,,
1009813,,
1009813,,
1009813,,
1009813,,
1009813,,
1009813,,
1009813,,
1009813,,
1009830,,
1009830,,
1009830,,
1009837,,
1009837,,
1009837,,
1009837,,
1009837,,
1009845,,
1009845,,
1009845,,
1009845,,
1009845,,
1009845,,
1009845,,
1009845,,
1009846,,
1009846,,
1009846,,
1009846,,
1009846,,
1009846,,
1009846,,
1009846,,
1009846,,
1009846,,
1009846,,
1009846,,
1009846,,
1009846,,
1009846,,
1009846,,
1009846,,
1009846,,
1009846,,
1009846,,
1009846,,
1009848,,
1009848,,
1009848,,
1009848,,
1009848,,
1009848,,
1009848,,
1009848,,
1009848,,
1009848,,
1009848,,
1009848,,
1009848,,
1009848,,
1009848,,
1009848,,
1009848,,
1009848,,
1009860,,
1009860,,
1009862,,
1009878,,
1009885,,
1009890,,
1009890,,
1009890,,
1009890,,
1009890,,
1009890,,
1009890,,
1009890,,
1009890,,
1009890,,
1009890,,
1009890,,
1009890,,
1009890,,
1009890,,
1009890,,
1009890,,
1009890,,
1009890,,
1009890,,
1009890,,
1009890,,
1009890,,
1009907,,
1009907,,
1009907,,
1009907,,
1009907,,
1009907,,
1009907,,
1009907,,
1009907,,
1009907,,
1009907,,
1009907,,
1009907,,
1009907,,
1009907,,
1009932,,
1009932,,
1009932,,
1009932,,
1009932,,
1009932,,
1009932,,
1009932,,
1009932,,
1009932,,
1009932,,
1009932,,
1009932,,
1009932,,
1009932,,
1009932,,
1009932,,
1009932,,
1009932,,
1009932,,
1009932,,
1009932,,
1009932,,
1009932,,
1009932,,
1009932,,
1009932,,
1009932,,
1009932,,
1009932,,
1009932,,
1009956,,
1009967,,
1009967,,
1009967,,
1009967,,
1009967,,
1009967,,
1009967,,
1009967,,
1009967,,
1009967,,
1009967,,
1009967,,
1009967,,
1009967,,
1009967,,
1009967,,
1009967,,
1009967,,
1009967,,
1009967,,
1009967,,
1009967,,
1009967,,
1009967,,
1009967,,
1009967,,
1009967,,
1009967,,
1010002,,
1010002,,
1010002,,
1010002,,
1010002,,
1010002,,
1010002,,
1010002,,
1010002,,
1010002,,
1010002,,
1010002,,
1010084,,
1010084,,
1010117,,
1010117,,
1010117,,
1010117,,
1010117,,
1010117,,
1010157,,
1010157,,
1010157,,
1010164,,
1010164,,
1010164,,
1010164,,
1010164,,
1010164,,
1010164,,
1010164,,
1010164,,
1010164,,
1010164,,
1010164,,
1010164,,
1010164,,
1010164,,
1010164,,
1010164,,
1010164,,
1010164,,
1010164,,
1010164,,
1010164,,
1010164,,
1010164,,
1010164,,
1010164,,
1010164,,
1010181,,
1010181,,
1010183,,
1010183,,
1010183,,
1010183,,
1010183,,
1010183,,
1010183,,
1010190,,
1010190,,
1010190,,
1010190,,
1010190,,
1010190,,
1010190,,
1010190,,
1010190,,
1010190,,
1010190,,
1010205,,
1010205,,
1010205,,
1010205,,
1010205,,
1010205,,
1010222,,
1010222,,
1010222,,
1010222,,
1010222,,
1010222,,
1010222,,
1010222,,
1010222,,
1010222,,
1010222,,
1010222,,
1010222,,
1010222,,
1010222,,
1010222,,
1010222,,
1010222,,
1010222,,
1010222,,
1010222,,
1010222,,
1010222,,
1010222,,
1010222,,
1010222,,
1010222,,
1010222,,
1010222,,
1010222,,
1010222,,
1010222,,
1010222,,
1010222,,
1010222,,
1010222,,
1010222,,
1010222,,
1010222,,
1010222,,
1010222,,
1010222,,
1010222,,
1010222,,
1010222,,
1010222,,
1010222,,
1010222,,
1010222,,
1010222,,
1010222,,
1010222,,
1010222,,
1010222,,
1010222,,
1010222,,
1010222,,
1010222,,
1010222,,
1010222,,
1010222,,
1010222,,
1010222,,
1010222,,
1010222,,
1010222,,
1010222,,
1010222,,
1010222,,
1010222,,
1010222,,
1010222,,
1010222,,
1010222,,
1010222,,
1010222,,
1010222,,
1010222,,
1010222,,
1010222,,
1010222,,
1010222,,
1010222,,
1010222,,
1010222,,
1010222,,
1010222,,
1010222,,
1010222,,
1010222,,
1010222,,
1010222,,
1010222,,
1010233,,
1010233,,
1010233,,
1010233,,
1010233,,
1010233,,
1010233,,
1010233,,
1010233,,
1010233,,
1010233,,
1010233,,
1010233,,
1010233,,
1010233,,
1010233,,
1010233,,
1010233,,
1010233,,
1010233,,
1010233,,
1010233,,
1010233,,
1010233,,
1010233,,
1010233,,
1010233,,
1010233,,
1010233,,
1010233,,
1010233,,
1010233,,
1010233,,
1010233,,
1010233,,
1010233,,
1010233,,
1010233,,
1010233,,
1010233,,
1010233,,
1010291,,
1010291,,
1010291,,
1010291,,
1010291,,
1010291,,
1010291,,
1010291,,
1010291,,
1010291,,
1010291,,
1010291,,
1010291,,
1010291,,
1010294,,
1010294,,
1010294,,
1010294,,
1010294,,
1010294,,
1010294,,
1010318,,
1010318,,
1010319,,
1010319,,
1010320,,
1010320,,
1010320,,
1010320,,
1010320,,
1010320,,
1010320,,
1010320,,
1010320,,
1010320,,
1010320,,
1010320,,
1010320,,
1010320,,
1010320,,
1010320,,
1010320,,
1010325,,
1010325,,
1010325,,
1010325,,
1010325,,
1010325,,
1010372,,
1010372,,
1010372,,
1010372,,
1010372,,
1010372,,
1010397,,
1010397,,
1010485,,
1010485,,
1010485,,
1010485,,
1010485,,
1010485,,
1010485,,
1010485,,
1010485,,
1010505,,
1010505,,
1010505,,
1010521,,
1010521,,
1010521,,
1010588,,
1010588,,
1010588,,
1010588,,
1010588,,
1010588,,
1010588,,
1010588,,
1010588,,
1010621,,
1010621,,
1010621,,
1010621,,
1010621,,
1010621,,
1010621,,
1010621,,
1010621,,
1010621,,
1010621,,
1010621,,
1010621,,
1010621,,
1010621,,
1010621,,
1010621,,
1010621,,
1010621,,
1010621,,
1010621,,
1010621,,
1010621,,
1010621,,
1010621,,
1010673,,
1010673,,
1010673,,
1010701,,
1010701,,
1010701,,
1010701,,
1010701,,
1010707,,
1010718,,
1010718,,
1010721,,
1010721,,
1010721,,
1010721,,
1010721,,
1010721,,
1010721,,
1010721,,
1010721,,
1010721,,
1010721,,
1010721,,
1010721,,
1010721,,
1010721,,
1010721,,
1010721,,
1010721,,
1010721,,
1010721,,
1010721,,
1010721,,
1010721,,
1010721,,
1010721,,
1010721,,
1010738,,
1010784,,
1010784,,
1010837,,
1010837,,
1010837,,
1010837,,
1010837,,
1010837,,
1010837,,
1010837,,
1010839,,
1010839,,
1010839,,
1010839,,
1010839,,
1010839,,
1010839,,
1010839,,
1010839,,
1010839,,
1010839,,
1010839,,
1010932,,
1010943,,
1010943,,
1010943,,
1010943,,
1010943,,
1010943,,
1010943,,
1010943,,
1010943,,
1010943,,
1010945,,
1010945,,
1010945,,
1010945,,
1010945,,
1011081,,
1011091,,
1011091,,
1011091,,
1011091,,
1011091,,
1011091,,
1011091,,
1011091,,
1011091,,
1011091,,
1011091,,
1011100,,
1011100,,
1011100,,
1011185,,
1011185,,
1011185,,
1011185,,
1011185,,
1011185,,
1011185,,
1011185,,
1011191,,
1011191,,
1011191,,
1011191,,
1011191,,
1011191,,
1011191,,
1011194,,
1011223,,
1011223,,
1011223,,
1011223,,
1011223,,
1011223,,
1011223,,
1011231,,
1011231,,
1011250,,
1011318,,
1011318,,
1011387,,
1011387,,
1011393,,
1011393,,
1011450,,
1011454,,
1011454,,
1011454,,
1011463,,
1011463,,
1011463,,
1011498,,
1011498,,
1011498,,
1011498,,
1011498,,
1011498,,
1011498,,
1011498,,
1011498,,
1011498,,
1011498,,
1011498,,
1011498,,
1011498,,
1011498,,
1011498,,
1011498,,
1011498,,
1011498,,
1011498,,
1011498,,
1011498,,
1011498,,
1011498,,
1011498,,
1011498,,
1011498,,
1011498,,
1011498,,
1011498,,
1011498,,
1011498,,
1011498,,
1011498,,
1011508,,
1011508,,
1011519,,
1011519,,
1011519,,
1011519,,
1011519,,
1011519,,
1011519,,
1011519,,
1011519,,
1011519,,
1011519,,
1011519,,
1011519,,
1011519,,
1011519,,
1011519,,
1011519,,
1011519,,
1011519,,
1011519,,
1011519,,
1011519,,
1011519,,
1011519,,
1011519,,
1011519,,
1011519,,
1011519,,
1011519,,
1011519,,
1011519,,
1011531,,
1011531,,
1011531,,
1011534,,
1011534,,
1011534,,
1011534,,
1011534,,
1011534,,
1011534,,
1011534,,
1011534,,
1011534,,
1011535,,
1011555,,
1011555,,
1011555,,
1011555,,
1011555,,
1011555,,
1011555,,
1011555,,
1011555,,
1011555,,
1011555,,
1011555,,
1011555,,
1011555,,
1011596,,
1011596,,
1011596,,
1011596,,
1011652,,
1011652,,
1011652,,
1011652,,
1011652,,
1011652,,
1011652,,
1011652,,
1011652,,
1011652,,
1011652,,
1011652,,
1011652,,
1011652,,
1011652,,
1011652,,
1011652,,
1011652,,
1011652,,
1011652,,
1011652,,
1011652,,
1011652,,
1011652,,
1011652,,
1011652,,
1011652,,
1011652,,
1011652,,
1011652,,
1011652,,
1011652,,
1011654,,
1011654,,
1011659,,
1011659,,
1011659,,
1011659,,
1011659,,
1011659,,
1011659,,
1011659,,
1011659,,
1011659,,
1011659,,
1011659,,
1011659,,
1011659,,
1011659,,
1011659,,
1011659,,
1011659,,
1011659,,
1011659,,
1011659,,
1011659,,
1011659,,
1011659,,
1011659,,
1011659,,
1011659,,
1011659,,
1011659,,
1011659,,
1011659,,
1011659,,
1011659,,
1011659,,
1011659,,
1011659,,
1011659,,
1011659,,
1011659,,
1011659,,
1011659,,
1011659,,
1011659,,
1011659,,
1011659,,
1011659,,
1011659,,
1011659,,
1011659,,
1011662,,
1011662,,
1011662,,
1011662,,
1011662,,
1011662,,
1011662,,
1011662,,
1011666,,
1011673,,
1011673,,
1011673,,
1011673,,
1011674,,
1011674,,
1011674,,
1011674,,
1011684,,
1011684,,
1011684,,
1011684,,
1011684,,
1011684,,
1011684,,
1011684,,
1011688,,
1011689,,
1011689,,
1011690,,
1011690,,
1011690,,
1011690,,
1011690,,
1011706,,
1011706,,
1011706,,
1011706,,
1011735,,
1011735,,
1011752,,
1011752,,
1011752,,
1011761,,
1011761,,
1011761,,
1011761,,
1011761,,
1011761,,
1011761,,
1011761,,
1011763,,
1011763,,
1011763,,
1011763,,
1011763,,
1011763,,
1011763,,
1011765,,
1011765,,
1011765,,
1011765,,
1011765,,
1011765,,
1011765,,
1011765,,
1011765,,
1011773,,
1011773,,
1011773,,
1011773,,
1011773,,
1011782,,
1011804,,
1011831,,
1011847,,
1011847,,
1011847,,
1011854,,
1011854,,
1011854,,
1011854,,
1011854,,
1011854,,
1011854,,
1011854,,
1011854,,
1011854,,
1011854,,
1011854,,
1011854,,
1011854,,
1011854,,
1011854,,
1011854,,
1011854,,
1011854,,
1011854,,
1011854,,
1011854,,
1011854,,
1011873,,
1011873,,
1011873,,
1011873,,
1011895,,
1011895,,
1011895,,
1011895,,
1011913,,
1011913,,
1011913,,
1011913,,
1011913,,
1011923,,
1011923,,
1011923,,
1011923,,
1011923,,
1011923,,
1011923,,
1011923,,
1011923,,
1011923,,
1011923,,
1011923,,
1011923,,
1011923,,
1011923,,
1011923,,
1011923,,
1011923,,
1011962,,
1011962,,
1011962,,
1011962,,
1011962,,
1011975,,
1011975,,
1011975,,
1011975,,
1011975,,
1011975,,
1011975,,
1011975,,
1011978,,
1011978,,
1011978,,
1011978,,
1011978,,
1011978,,
1011978,,
1011995,,
1011995,,
1011995,,
1011995,,
1011998,,
1011998,,
1011998,,
1011998,,
1011998,,
1012014,,
1012014,,
1012014,,
1012014,,
1012021,,
1012021,,
1012021,,
1012021,,
1012021,,
1012024,,
1012024,,
1012024,,
1012024,,
1012024,,
1012024,,
1012040,,
1012040,,
1012040,,
1012040,,
1012040,,
1012040,,
1012040,,
1012040,,
1012040,,
1012040,,
1012048,,
1012059,,
1012059,,
1012060,,
1012060,,
1012060,,
1012068,,
1012068,,
1012068,,
1012068,,
1012068,,
1012070,,
1012070,,
1012070,,
1012070,,
1012070,,
1012077,,
1012077,,
1012100,,
1012100,,
1012100,,
1012100,,
1012100,,
1012100,,
1012100,,
1012100,,
1012100,,
1012100,,
1012100,,
1012100,,
1012129,,
1012129,,
1012129,,
1012129,,
1012129,,
1012129,,
1012129,,
1012129,,
1012129,,
1012129,,
1012129,,
1012376,,
1012437,,
1012437,,
1012437,,
1012437,,
1012437,,
1012437,,
1012437,,
1012437,,
1012449,,
1012449,,
1012449,,
1012449,,
1012449,,
1012449,,
1012449,,
1012449,,
1012449,,
1012449,,
1012449,,
1012509,,
1012509,,
1012509,,
1012509,,
1012509,,
1012509,,
1012509,,
1012509,,
1012509,,
1012509,,
1012511,,
1012511,,
1012511,,
1012511,,
1012511,,
1012511,,
1012511,,
1012511,,
1012511,,
1012511,,
1012528,,
1012528,,
1012528,,
1012528,,
1012528,,
1012528,,
1012528,,
1012528,,
1012528,,
1012528,,
1012528,,
1012528,,
1012528,,
1012528,,
1012528,,
1012528,,
1012528,,
1012528,,
1012528,,
1012528,,
1012528,,
1012528,,
1012528,,
1012528,,
1012528,,
1012528,,
1012528,,
1012528,,
1012528,,
1012528,,
1012537,,
1012537,,
1012537,,
1012537,,
1012537,,
1012537,,
1012537,,
1012556,,
1012556,,
1012556,,
1012556,,
1012556,,
1012569,,
1012569,,
1012569,,
1012571,,
1012571,,
1012605,,
1012605,,
1012612,,
1012612,,
1012612,,
1012664,,
1012664,,
1012664,,
1012666,,
1012666,,
1012706,,
1012706,,
1012706,,
1012706,,
1012706,,
1012724,,
1012724,,
1012724,,
1012724,,
1012724,,
1012724,,
1012724,,
1012724,,
1012724,,
1012724,,
1012728,,
1012728,,
1012728,,
1012728,,
1012734,,
1012734,,
1012734,,
1012734,,
1012734,,
1012734,,
1012734,,
1012734,,
1012780,,
1012780,,
1012780,,
1012780,,
1012816,,
1012816,,
1012816,,
1012816,,
1012816,,
1012816,,
1012823,,
1012823,,
1012873,,
1012873,,
1012873,,
1012873,,
1012873,,
1012873,,
1012873,,
1012873,,
1012873,,
1012873,,
1012893,,
1012909,,
1012936,,
1012936,,
1012936,,
1012936,,
1012936,,
1012936,,
1012936,,
1012936,,
1012936,,
1012936,,
1012936,,
1012936,,
1012936,,
1012936,,
1012936,,
1012936,,
1012936,,
1012936,,
1012936,,
1012936,,
1012936,,
1012936,,
1012936,,
1012936,,
1012936,,
1012936,,
1012936,,
1012936,,
1012936,,
1012936,,
1012936,,
1012936,,
1012936,,
1012936,,
1012936,,
1012936,,
1012936,,
1012936,,
1012936,,
1012936,,
1012936,,
1012936,,
1012936,,
1012936,,
1012936,,
1012936,,
1012936,,
1012936,,
1012936,,
1012936,,
1012936,,
1012936,,
1012936,,
1012936,,
1012936,,
1012936,,
1012936,,
1012936,,
1012936,,
1012936,,
1012936,,
1012936,,
1012936,,
1012936,,
1012936,,
1012936,,
1012936,,
1012936,,
1012936,,
1012936,,
1012936,,
1012936,,
1012936,,
1012936,,
1012936,,
1012936,,
1012936,,
1012936,,
1012936,,
1012936,,
1012936,,
1012936,,
1012936,,
1012936,,
1012936,,
1012936,,
1012936,,
1012936,,
1012936,,
1012936,,
1012936,,
1012936,,
1012936,,
1012936,,
1012936,,
1012936,,
1012936,,
1012936,,
1012936,,
1012936,,
1012936,,
1012936,,
1012936,,
1012936,,
1012936,,
1012936,,
1012936,,
1012936,,
1012936,,
1012936,,
1012936,,
1012936,,
1012936,,
1012936,,
1012936,,
1012936,,
1012936,,
1012936,,
1012940,,
1012940,,
1012940,,
1012940,,
1012945,,
1012945,,
1012945,,
1012945,,
1012947,,
1012952,,
1012952,,
1012952,,
1012952,,
1012952,,
1012984,,
1012984,,
1012984,,
1012984,,
1012984,,
1012988,,
1012988,,
1012988,,
1012988,,
1012988,,
1013010,,
1013010,,
1013010,,
1013010,,
1013021,,
1013021,,
1013021,,
1013023,,
1013023,,
1013023,,
1013023,,
1013023,,
1013023,,
1013023,,
1013026,,
1013026,,
1013026,,
1013026,,
1013026,,
1013026,,
1013026,,
1013034,,
1013034,,
1013034,,
1013034,,
1013034,,
1013035,,
1013035,,
1013035,,
1013035,,
1013035,,
1013035,,
1013035,,
1013035,,
1013035,,
1013035,,
1013035,,
1013035,,
1013035,,
1013035,,
1013035,,
1013035,,
1013035,,
1013035,,
1013035,,
1013035,,
1013035,,
1013035,,
1013035,,
1013035,,
1013035,,
1013035,,
1013035,,
1013035,,
1013035,,
1013035,,
1013035,,
1013035,,
1013035,,
1013035,,
1013035,,
1013035,,
1013035,,
1013035,,
1013035,,
1013035,,
1013035,,
1013035,,
1013035,,
1013035,,
1013035,,
1013035,,
1013035,,
1013035,,
1013035,,
1013035,,
1013035,,
1013035,,
1013035,,
1013035,,
1013035,,
1013035,,
1013035,,
1013035,,
1013035,,
1013035,,
1013035,,
1013035,,
1013035,,
1013035,,
1013035,,
1013035,,
1013035,,
1013035,,
1013035,,
1013035,,
1013035,,
1013035,,
1013035,,
1013035,,
1013035,,
1013035,,
1013035,,
1013035,,
1013035,,
1013035,,
1013035,,
1013035,,
1013035,,
1013035,,
1013035,,
1013035,,
1013035,,
1013035,,
1013035,,
1013035,,
1013035,,
1013035,,
1013035,,
1013035,,
1013035,,
1013035,,
1013035,,
1013035,,
1013035,,
1013035,,
1013035,,
1013035,,
1013035,,
1013035,,
1013035,,
1013035,,
1013035,,
1013035,,
1013035,,
1013035,,
1013035,,
1013035,,
1013035,,
1013035,,
1013035,,
1013035,,
1013035,,
1013038,,
1013038,,
1013038,,
1013038,,
1013038,,
1013038,,
1013038,,
1013038,,
1013038,,
1013038,,
1013078,,
1013078,,
1013080,,
1013080,,
1013080,,
1013080,,
1013080,,
1013080,,
1013080,,
1013080,,
1013080,,
1013080,,
1013080,,
1013080,,
1013080,,
1013080,,
1013080,,
1013080,,
1013087,,
1013087,,
1013087,,
1013087,,
1013089,,
1013091,,
1013091,,
1013100,,
1013100,,
1013100,,
1013104,,
1013106,,
1013106,,
1013106,,
1013111,,
1013111,,
1013111,,
1013111,,
1013111,,
1013123,,
1013123,,
1013123,,
1013123,,
1013128,,
1013128,,
1013128,,
1013128,,
1013128,,
1013128,,
1013128,,
1013128,,
1013214,,
1013214,,
1013214,,
1013214,,
1013214,,
1013214,,
1013214,,
1013216,,
1013216,,
1013216,,
1013216,,
1013216,,
1013216,,
1013216,,
1013216,,
1013216,,
1013216,,
1013216,,
1013216,,
1013216,,
1013216,,
1013216,,
1013216,,
1013216,,
1013216,,
1013216,,
1013216,,
1013216,,
1013216,,
1013216,,
1013216,,
1013216,,
1013216,,
1013222,,
1013227,,
1013227,,
1013241,,
1013241,,
1013241,,
1013241,,
1013241,,
1013241,,
1013241,,
1013241,,
1013241,,
1013261,,
1013261,,
1013261,,
1013264,,
1013264,,
1013264,,
1013268,,
1013268,,
1013268,,
1013283,,
1013283,,
1013283,,
1013283,,
1013285,,
1013285,,
1013285,,
1013288,,
1013288,,
1013289,,
1013289,,
1013291,,
1013291,,
1013301,,
1013301,,
1013303,,
1013303,,
1013303,,
1013303,,
1013303,,
1013303,,
1013304,,
1013306,,
1013306,,
1013306,,
1013306,,
1013306,,
1013306,,
1013318,,
1013318,,
1013324,,
1013325,,
1013325,,
1013325,,
1013325,,
1013325,,
1013325,,
1013325,,
1013325,,
1013325,,
1013325,,
1013325,,
1013325,,
1013325,,
1013325,,
1013325,,
1013325,,
1013325,,
1013325,,
1013325,,
1013325,,
1013337,,
1013337,,
1013337,,
1013339,,
1013339,,
1013339,,
1013339,,
1013344,,
1013346,,
1013346,,
1013346,,
1013346,,
1013346,,
1013346,,
1013346,,
1013354,,
1013354,,
1013354,,
1013354,,
1013354,,
1013354,,
1013354,,
1013357,,
1013357,,
1013357,,
1013357,,
1013357,,
1013367,,
1013369,,
1013377,,
1013377,,
1013381,,
1013386,,
1013393,,
1013393,,
1013393,,
1013393,,
1013407,,
1013407,,
1013407,,
1013412,,
1013412,,
1013412,,
1013412,,
1013412,,
1013412,,
1013412,,
1013412,,
1013412,,
1013412,,
1013412,,
1013412,,
1013412,,
1013412,,
1013413,,
1013413,,
1013413,,
1013413,,
1013413,,
1013414,,
1013414,,
1013414,,
1013414,,
1013417,,
1013417,,
1013417,,
1013417,,
1013417,,
1013417,,
1013417,,
1013417,,
1013417,,
1013483,,
1013483,,
1013483,,
1013483,,
1013547,,
1013580,,
1013580,,
1013580,,
1013580,,
1013580,,
1013580,,
1013580,,
1013580,,
1013580,,
1013580,,
1013580,,
1013580,,
1013580,,
1013580,,
1013580,,
1013580,,
1013580,,
1013580,,
1013580,,
1013580,,
1013580,,
1013580,,
1013580,,
1013580,,
1013595,,
1013595,,
1013595,,
1013601,,
1013601,,
1013606,,
1013606,,
1013606,,
1013606,,
1013614,,
1013614,,
1013614,,
1013614,,
1013614,,
1013614,,
1013614,,
1013626,,
1013657,,
1013657,,
1013657,,
1013657,,
1013657,,
1013657,,
1013671,,
1013671,,
1013671,,
1013671,,
1013674,,
1013674,,
1013677,,
1013677,,
1013677,,
1013682,,
1013682,,
1013691,,
1013691,,
1013691,,
1013691,,
1013691,,
1013691,,
1013699,,
1013699,,
1013699,,
1013699,,
1013699,,
1013699,,
1013699,,
1013699,,
1013699,,
1013699,,
1013699,,
1013699,,
1013699,,
1013699,,
1013699,,
1013699,,
1013699,,
1013706,,
1013706,,
1013706,,
1013728,,
1013728,,
1013732,,
1013732,,
1013732,,
1013732,,
1013732,,
1013732,,
1013732,,
1013732,,
1013732,,
1013732,,
1013732,,
1013732,,
1013732,,
1013732,,
1013732,,
1013732,,
1013732,,
1013732,,
1013732,,
1013732,,
1013734,,
1013734,,
1013734,,
1013734,,
1013734,,
1013734,,
1013735,,
1013735,,
1013735,,
1013735,,
1013736,,
1013736,,
1013742,,
1013742,,
1013742,,
1013742,,
1013751,,
1013751,,
1013751,,
1013751,,
1013751,,
1013771,,
1013771,,
1013833,,
1013833,,
1013833,,
1013833,,
1013833,,
1013833,,
1013833,,
1013833,,
1013833,,
1013833,,
1013833,,
1013833,,
1013833,,
1013833,,
1013833,,
1013833,,
1013833,,
1013833,,
1013833,,
1013833,,
1013833,,
1013833,,
1013833,,
1013833,,
1013833,,
1013833,,
1013833,,
1013833,,
1013833,,
1013833,,
1013845,,
1013845,,
1013845,,
1013845,,
1013845,,
1013845,,
1013845,,
1013845,,
1013845,,
1013845,,
1013845,,
1013845,,
1013845,,
1013847,,
1013851,,
1013851,,
1013861,,
1013861,,
1013861,,
1013870,,
1013870,,
1013870,,
1013870,,
1013870,,
1013870,,
1013870,,
1013870,,
1013870,,
1013870,,
1013870,,
1013870,,
1013870,,
1013870,,
1013870,,
1013870,,
1013896,,
1013896,,
1013896,,
1013896,,
1013913,,
1013913,,
1013913,,
1013913,,
1013913,,
1013913,,
1013913,,
1013913,,
1013913,,
1013913,,
1013918,,
1013922,,
1013925,,
1013925,,
1013925,,
1013925,,
1013931,,
1013931,,
1013931,,
1013931,,
1013931,,
1013931,,
1013931,,
1013931,,
1013931,,
1013936,,
1013936,,
1013936,,
1013936,,
1013936,,
1013938,,
1013938,,
1013948,,
1013948,,
1013948,,
1013948,,
1013948,,
1013983,,
1013983,,
1013983,,
1013983,,
1013986,,
1013993,,
1013993,,
1013993,,
1013993,,
1014024,,
1014024,,
1014024,,
1014024,,
1014024,,
1007530,,
1010455,,
1012139,,
1012259,,
1012260,,
1012276,,
1012277,,
1012281,,
1012282,,
1012290,,
1012291,,
1012293,,
1012294,,
1012409,,
1012413,,
1012416,,
1012418,,
1012420,,
1012427,,
1012473,,
1012501,,
1012512,,
1012587,,
1012662,,
1012691,,
1012699,,
1012701,,
1012702,,
1012732,,
1012752,,
1012775,,
1012821,,
1012829,,
1012922,,
1012979,,
1013050,,
1013059,,
1013062,,
1013103,,
1013109,,
1013273,,
1013340,,
1013397,,
1013408,,
1013409,,
1013663,,
1013773,,
1013856,,
1013893,,
1007530,,
1010455,,
1010455,,
1010455,,
1010455,,
1010455,,
1010455,,
1010455,,
1012139,,
1012139,,
1012139,,
1012139,,
1012139,,
1012139,,
1012259,,
1012259,,
1012259,,
1012259,,
1012259,,
1012259,,
1012259,,
1012260,,
1012260,,
1012260,,
1012260,,
1012260,,
1012260,,
1012260,,
1012260,,
1012260,,
1012260,,
1012260,,
1012276,,
1012276,,
1012276,,
1012276,,
1012276,,
1012276,,
1012276,,
1012276,,
1012277,,
1012277,,
1012277,,
1012277,,
1012277,,
1012277,,
1012277,,
1012277,,
1012277,,
1012277,,
1012277,,
1012277,,
1012277,,
1012277,,
1012277,,
1012277,,
1012281,,
1012282,,
1012282,,
1012290,,
1012290,,
1012290,,
1012290,,
1012290,,
1012291,,
1012291,,
1012291,,
1012291,,
1012291,,
1012291,,
1012291,,
1012293,,
1012293,,
1012293,,
1012293,,
1012294,,
1012409,,
1012409,,
1012409,,
1012409,,
1012409,,
1012413,,
1012413,,
1012413,,
1012413,,
1012413,,
1012413,,
1012413,,
1012413,,
1012416,,
1012416,,
1012416,,
1012416,,
1012416,,
1012416,,
1012416,,
1012416,,
1012416,,
1012416,,
1012416,,
1012416,,
1012416,,
1012416,,
1012416,,
1012416,,
1012416,,
1012418,,
1012418,,
1012418,,
1012418,,
1012418,,
1012420,,
1012420,,
1012420,,
1012420,,
1012420,,
1012427,,
1012427,,
1012427,,
1012427,,
1012427,,
1012427,,
1012427,,
1012427,,
1012473,,
1012473,,
1012473,,
1012473,,
1012473,,
1012473,,
1012473,,
1012473,,
1012473,,
1012473,,
1012501,,
1012501,,
1012501,,
1012501,,
1012501,,
1012512,,
1012512,,
1012512,,
1012512,,
1012512,,
1012512,,
1012512,,
1012512,,
1012512,,
1012512,,
1012512,,
1012512,,
1012512,,
1012512,,
1012512,,
1012512,,
1012587,,
1012587,,
1012587,,
1012587,,
1012587,,
1012587,,
1012587,,
1012662,,
1012691,,
1012699,,
1012699,,
1012699,,
1012701,,
1012701,,
1012701,,
1012701,,
1012701,,
1012701,,
1012701,,
1012701,,
1012701,,
1012701,,
1012701,,
1012701,,
1012701,,
1012702,,
1012732,,
1012732,,
1012732,,
1012732,,
1012732,,
1012732,,
1012732,,
1012732,,
1012732,,
1012732,,
1012732,,
1012732,,
1012752,,
1012775,,
1012775,,
1012775,,
1012775,,
1012775,,
1012775,,
1012821,,
1012821,,
1012821,,
1012821,,
1012821,,
1012821,,
1012821,,
1012821,,
1012821,,
1012829,,
1012829,,
1012829,,
1012922,,
1012979,,
1012979,,
1012979,,
1013050,,
1013059,,
1013062,,
1013103,,
1013109,,
1013273,,
1013273,,
1013273,,
1013273,,
1013273,,
1013340,,
1013340,,
1013340,,
1013340,,
1013340,,
1013340,,
1013397,,
1013397,,
1013397,,
1013408,,
1013408,,
1013408,,
1013408,,
1013409,,
1013663,,
1013773,,
1013856,,
1013893,,
1001727,,
1001728,,
1001761,,
1001776,,
1001777,,
1001778,,
1001779,,
1001940,,
1001942,,
1001944,,
1001948,,
1002131,,
1002139,,
1002192,,
1002344,,
1002345,,
1002506,,
1002519,,
1002522,,
1002568,,
1002569,,
1002651,,
1002675,,
1002679,,
1002685,,
1002764,,
1002776,,
1002858,,
1003174,,
1003267,,
1003345,,
1003545,,
1003552,,
1003555,,
1003559,,
1003578,,
1003656,,
1003677,,
1003717,,
1003721,,
1003774,,
1004233,,
1004258,,
1004394,,
1004613,,
1004813,,
1005410,,
1005736,,
1006029,,
1006074,,
1006431,,
1006472,,
1006956,,
1007288,,
1007321,,
1007462,,
1008119,,
1008277,,
1008278,,
1008279,,
1008281,,
1008282,,
1008284,,
1009236,,
1009676,,
1009678,,
1009679,,
1009796,,
1009797,,
1009803,,
1009916,,
1009922,,
1009949,,
1009955,,
1009988,,
1009991,,
1010020,,
1010060,,
1010064,,
1010147,,
1010165,,
1010221,,
1010281,,
1010333,,
1010360,,
1010398,,
1010584,,
1010655,,
1011425,,
1011506,,
1011527,,
1011597,,
1011598,,
1011599,,
1011600,,
1011601,,
1011611,,
1011629,,
1011639,,
1011641,,
1011642,,
1011643,,
1011644,,
1011701,,
1011728,,
1011809,,
1011917,,
1011942,,
1012324,,
1012403,,
1012405,,
1012406,,
1012820,,
1013003,,
1013040,,
1013057,,
1013092,,
1013099,,
1013115,,
1013116,,
1013121,,
1013134,,
1013166,,
1013204,,
1013229,,
1013297,,
1013581,,
1013582,,
1013585,,
1013588,,
1013591,,
1013655,,
1013678,,
1013690,,
1000064,,
1001132,,
1001286,,
1001589,,
1001628,,
1001635,,
1001638,,
1001649,,
1001650,,
1001737,,
1001760,,
1001790,,
1001805,,
1001806,,
1001812,,
1001866,,
1001871,,
1001894,,
1001977,,
1002029,,
1002030,,
1002031,,
1002066,,
1002078,,
1002150,,
1002169,,
1002174,,
1002195,,
1002214,,
1002235,,
1002239,,
1002251,,
1002252,,
1002255,,
1002256,,
1002264,,
1002265,,
1002267,,
1002289,,
1002290,,
1002298,,
1002319,,
1002325,,
1002326,,
1002334,,
1002353,,
1002355,,
1002377,,
1002378,,
1002384,,
1002385,,
1002414,,
1002415,,
1002422,,
1002451,,
1002454,,
1002465,,
1002470,,
1002472,,
1002474,,
1002495,,
1002515,,
1002521,,
1002528,,
1002532,,
1002623,,
1002624,,
1002625,,
1002628,,
1002629,,
1002630,,
1002664,,
1002668,,
1002676,,
1002678,,
1002680,,
1002774,,
1002778,,
1002816,,
1002839,,
1002868,,
1002943,,
1002952,,
1003045,,
1003079,,
1003082,,
1003083,,
1003094,,
1003097,,
1003127,,
1003128,,
1003129,,
1003130,,
1003158,,
1003170,,
1003185,,
1003211,,
1003219,,
1003220,,
1003221,,
1003223,,
1003254,,
1003315,,
1003316,,
1003317,,
1003318,,
1003319,,
1003346,,
1003347,,
1003360,,
1003447,,
1003452,,
1003462,,
1003475,,
1003483,,
1003530,,
1003535,,
1003608,,
1003736,,
1003750,,
1003764,,
1003767,,
1003848,,
1003955,,
1004048,,
1004087,,
1004110,,
1004137,,
1004144,,
1004192,,
1004248,,
1004269,,
1004301,,
1004302,,
1004382,,
1004389,,
1004400,,
1004418,,
1004425,,
1004430,,
1004468,,
1004499,,
1004502,,
1004524,,
1004534,,
1004551,,
1004593,,
1004614,,
1004619,,
1004620,,
1004666,,
1004686,,
1004688,,
1004704,,
1004709,,
1004712,,
1004715,,
1004744,,
1004802,,
1004822,,
1004824,,
1004837,,
1004843,,
1004893,,
1004924,,
1004970,,
1005002,,
1005018,,
1005029,,
1005031,,
1005045,,
1005069,,
1005070,,
1005071,,
1005080,,
1005084,,
1005164,,
1005181,,
1005215,,
1005321,,
1005391,,
1005431,,
1005446,,
1005489,,
1005631,,
1005641,,
1005678,,
1005691,,
1005693,,
1005739,,
1005740,,
1005770,,
1005779,,
1005818,,
1005856,,
1005858,,
1005887,,
1005897,,
1005965,,
1006087,,
1006131,,
1006148,,
1006160,,
1006184,,
1006225,,
1006255,,
1006270,,
1006310,,
1006311,,
1006316,,
1006321,,
1006342,,
1006373,,
1006386,,
1006392,,
1006407,,
1006483,,
1006682,,
1006697,,
1006709,,
1006730,,
1006795,,
1006798,,
1006799,,
1006800,,
1006905,,
1006908,,
1007104,,
1007352,,
1007367,,
1007377,,
1007396,,
1007399,,
1007410,,
1007430,,
1007441,,
1007449,,
1007459,,
1007489,,
1007496,,
1007537,,
1007657,,
1007714,,
1007779,,
1007821,,
1007865,,
1007903,,
1008009,,
1008031,,
1008062,,
1008130,,
1008132,,
1008217,,
1008268,,
1008412,,
1008432,,
1008476,,
1008595,,
1008626,,
1008677,,
1008680,,
1008681,,
1008744,,
1008826,,
1008827,,
1008829,,
1008831,,
1008835,,
1008920,,
1008921,,
1008924,,
1008993,,
1009054,,
1009090,,
1009093,,
1009103,,
1009130,,
1009181,,
1009233,,
1009293,,
1009520,,
1009593,,
1009769,,
1009772,,
1009774,,
1009775,,
1009776,,
1009840,,
1009892,,
1009939,,
1010032,,
1010118,,
1010119,,
1010120,,
1010152,,
1010154,,
1010177,,
1010223,,
1010234,,
1010251,,
1010300,,
1010302,,
1010312,,
1010313,,
1010351,,
1010353,,
1010358,,
1010381,,
1010475,,
1010488,,
1010509,,
1010510,,
1010544,,
1010547,,
1010559,,
1010592,,
1010598,,
1010634,,
1010643,,
1010660,,
1010691,,
1010714,,
1010732,,
1010735,,
1010746,,
1010748,,
1010768,,
1010771,,
1010772,,
1010777,,
1010780,,
1010782,,
1010881,,
1010917,,
1010953,,
1011000,,
1011006,,
1011011,,
1011012,,
1011017,,
1011018,,
1011064,,
1011129,,
1011130,,
1011160,,
1011210,,
1011270,,
1011274,,
1011281,,
1011285,,
1011311,,
1011356,,
1011365,,
1011452,,
1011497,,
1011504,,
1011510,,
1011524,,
1011530,,
1011538,,
1011558,,
1011614,,
1011635,,
1011670,,
1011705,,
1011722,,
1011745,,
1011762,,
1011811,,
1011833,,
1011870,,
1011930,,
1011931,,
1011948,,
1011949,,
1011967,,
1011981,,
1011986,,
1011988,,
1011989,,
1012023,,
1012037,,
1012038,,
1012041,,
1012062,,
1012131,,
1012150,,
1012151,,
1012161,,
1012284,,
1012297,,
1012401,,
1012435,,
1012463,,
1012465,,
1012469,,
1012519,,
1012616,,
1012675,,
1012740,,
1012781,,
1012788,,
1012794,,
1012809,,
1012815,,
1012845,,
1012846,,
1012901,,
1012906,,
1012983,,
1012985,,
1012986,,
1013052,,
1013067,,
1013072,,
1013079,,
1013183,,
1013184,,
1013185,,
1013266,,
1013364,,
1013396,,
1013400,,
1013406,,
1013511,,
1013515,,
1013544,,
1013558,,
1013609,,
1013618,,
1013621,,
1013647,,
1013662,,
1013689,,
1013693,,
1013701,,
1013707,,
1013714,,
1013724,,
1013727,,
1013739,,
1013753,,
1013774,,
1013786,,
1013787,,
1013788,,
1013789,,
1013814,,
1013867,,
1013882,,
1013887,,
1013901,,
1013903,,
1013904,,
1013919,,
1013924,,
1013929,,
1013932,,
1013949,,
1013955,,
1013957,,
1013973,,
1000179,,
1000180,,
1000202,,
1000206,,
1000245,,
1000315,,
1000316,,
1000439,,
1001558,,
1001559,,
1001560,,
1001652,,
1001653,,
1001654,,
1001655,,
1001656,,
1001658,,
1001659,,
1001660,,
1001661,,
1001670,,
1001829,,
1001846,,
1001849,,
1001852,,
1001853,,
1001855,,
1001856,,
1001857,,
1001926,,
1001928,,
1001981,,
1001982,,
1001986,,
1001988,,
1001990,,
1001994,,
1001996,,
1001997,,
1002006,,
1002018,,
1002050,,
1002060,,
1002061,,
1002064,,
1002075,,
1002077,,
1002079,,
1002087,,
1002092,,
1002097,,
1002116,,
1002117,,
1002118,,
1002127,,
1002128,,
1002133,,
1002175,,
1002196,,
1002201,,
1002343,,
1002376,,
1002396,,
1002402,,
1002406,,
1002409,,
1002412,,
1002413,,
1002419,,
1002427,,
1002444,,
1002456,,
1002467,,
1002472,,
1002577,,
1002580,,
1002586,,
1002590,,
1002617,,
1002642,,
1002711,,
1002738,,
1002739,,
1002742,,
1002745,,
1002760,,
1002761,,
1002762,,
1002763,,
1002772,,
1002774,,
1002780,,
1002781,,
1002784,,
1002811,,
1002815,,
1002816,,
1002825,,
1002826,,
1002827,,
1002833,,
1002837,,
1002838,,
1002839,,
1002841,,
1002842,,
1002844,,
1002847,,
1002849,,
1002912,,
1002917,,
1002918,,
1002923,,
1002930,,
1002931,,
1002972,,
1003062,,
1003064,,
1003068,,
1003069,,
1003070,,
1003071,,
1003072,,
1003074,,
1003085,,
1003106,,
1003108,,
1003109,,
1003111,,
1003113,,
1003120,,
1003121,,
1003126,,
1003140,,
1003142,,
1003143,,
1003148,,
1003152,,
1003153,,
1003189,,
1003191,,
1003192,,
1003194,,
1003209,,
1003211,,
1003214,,
1003217,,
1003237,,
1003238,,
1003250,,
1003272,,
1003277,,
1003287,,
1003326,,
1003332,,
1003433,,
1003435,,
1003443,,
1003452,,
1003455,,
1003461,,
1003480,,
1003512,,
1003531,,
1003535,,
1003537,,
1003541,,
1003553,,
1003554,,
1003557,,
1003596,,
1003600,,
1003657,,
1003671,,
1003681,,
1003682,,
1003720,,
1003725,,
1003729,,
1003776,,
1003897,,
1003915,,
1003916,,
1003917,,
1003995,,
1004002,,
1004012,,
1004031,,
1004032,,
1004035,,
1004068,,
1004069,,
1004087,,
1004089,,
1004109,,
1004160,,
1004161,,
1004165,,
1004167,,
1004168,,
1004169,,
1004170,,
1004272,,
1004356,,
1004357,,
1004358,,
1004359,,
1004360,,
1004361,,
1004404,,
1004468,,
1004564,,
1004634,,
1004734,,
1004736,,
1004769,,
1004771,,
1004773,,
1004775,,
1004776,,
1004777,,
1004778,,
1004779,,
1004780,,
1004781,,
1004782,,
1004783,,
1004786,,
1004787,,
1004788,,
1004814,,
1004820,,
1004846,,
1004858,,
1004903,,
1004906,,
1004908,,
1004912,,
1004917,,
1004922,,
1004923,,
1004925,,
1004926,,
1004927,,
1004928,,
1004929,,
1004930,,
1004932,,
1004933,,
1004934,,
1004935,,
1004937,,
1004945,,
1004946,,
1004992,,
1004995,,
1005008,,
1005010,,
1005011,,
1005013,,
1005014,,
1005015,,
1005016,,
1005027,,
1005028,,
1005060,,
1005078,,
1005079,,
1005140,,
1005235,,
1005238,,
1005242,,
1005243,,
1005244,,
1005245,,
1005332,,
1005646,,
1005649,,
1005650,,
1005684,,
1005688,,
1005696,,
1005705,,
1005722,,
1005726,,
1005804,,
1005805,,
1005806,,
1005815,,
1005816,,
1005846,,
1005882,,
1005883,,
1005953,,
1005957,,
1005986,,
1005989,,
1006042,,
1006109,,
1006122,,
1006130,,
1006143,,
1006152,,
1006154,,
1006156,,
1006232,,
1006265,,
1006317,,
1006332,,
1006368,,
1006434,,
1006440,,
1006505,,
1006523,,
1006586,,
1006696,,
1006698,,
1006755,,
1006757,,
1006781,,
1006782,,
1006824,,
1006833,,
1006841,,
1006918,,
1006926,,
1006928,,
1006931,,
1006953,,
1006954,,
1006973,,
1006997,,
1006998,,
1007003,,
1007004,,
1007005,,
1007006,,
1007016,,
1007042,,
1007043,,
1007049,,
1007080,,
1007081,,
1007092,,
1007102,,
1007191,,
1007394,,
1007403,,
1007430,,
1007437,,
1007450,,
1007513,,
1007535,,
1007536,,
1007787,,
1008037,,
1008043,,
1008045,,
1008046,,
1008055,,
1008080,,
1008146,,
1008148,,
1008149,,
1008150,,
1008151,,
1008158,,
1008160,,
1008162,,
1008226,,
1008233,,
1008235,,
1008238,,
1008239,,
1008240,,
1008245,,
1008247,,
1008249,,
1008250,,
1008304,,
1008315,,
1008368,,
1008370,,
1008371,,
1008374,,
1008429,,
1008430,,
1008455,,
1008460,,
1008685,,
1008687,,
1008724,,
1008725,,
1008740,,
1008941,,
1008964,,
1008965,,
1008969,,
1008970,,
1009006,,
1009007,,
1009008,,
1009015,,
1009016,,
1009017,,
1009019,,
1009062,,
1009071,,
1009085,,
1009087,,
1009091,,
1009151,,
1009152,,
1009159,,
1009161,,
1009163,,
1009199,,
1009203,,
1009205,,
1009206,,
1009213,,
1009214,,
1009215,,
1009331,,
1009333,,
1009337,,
1009338,,
1009341,,
1009427,,
1009429,,
1009430,,
1009432,,
1009462,,
1009463,,
1009464,,
1009465,,
1009466,,
1009467,,
1009469,,
1009470,,
1009508,,
1009589,,
1009590,,
1009608,,
1009727,,
1009733,,
1009781,,
1009889,,
1009901,,
1010477,,
1010483,,
1010489,,
1010492,,
1010495,,
1010497,,
1010498,,
1010499,,
1010500,,
1010556,,
1010558,,
1010577,,
1010581,,
1010583,,
1010660,,
1010664,,
1010980,,
1010996,,
1011001,,
1011002,,
1011003,,
1011006,,
1011007,,
1011019,,
1011020,,
1011077,,
1011127,,
1011137,,
1011138,,
1011173,,
1011174,,
1011253,,
1011265,,
1011298,,
1011351,,
1011373,,
1011379,,
1011457,,
1011561,,
1011615,,
1011617,,
1011628,,
1011636,,
1011637,,
1011650,,
1011658,,
1011677,,
1011720,,
1011818,,
1011820,,
1011881,,
1011891,,
1011892,,
1011893,,
1011897,,
1011946,,
1011947,,
1011960,,
1011965,,
1012011,,
1012138,,
1012141,,
1012153,,
1012158,,
1012159,,
1012269,,
1012270,,
1012285,,
1012381,,
1012382,,
1012474,,
1012600,,
1012614,,
1012630,,
1012641,,
1012647,,
1012665,,
1012682,,
1012685,,
1012697,,
1012913,,
1012914,,
1012915,,
1012916,,
1012920,,
1012921,,
1012923,,
1012931,,
1012943,,
1012944,,
1012961,,
1012963,,
1012969,,
1012971,,
1012975,,
1013009,,
1013036,,
1013048,,
1013105,,
1013118,,
1013129,,
1013192,,
1013193,,
1013194,,
1013200,,
1013201,,
1013236,,
1013237,,
1013272,,
1013295,,
1013296,,
1013298,,
1013299,,
1013302,,
1013305,,
1013312,,
1013313,,
1013314,,
1013320,,
1013321,,
1013322,,
1013329,,
1013335,,
1013361,,
1013365,,
1013395,,
1013398,,
1013403,,
1013404,,
1013536,,
1013545,,
1013549,,
1013550,,
1013552,,
1013556,,
1013557,,
1013560,,
1013561,,
1013562,,
1013564,,
1013565,,
1013566,,
1013567,,
1013568,,
1013569,,
1013571,,
1013572,,
1013575,,
1013589,,
1013594,,
1013599,,
1013600,,
1013603,,
1013604,,
1013607,,
1013608,,
1013641,,
1013642,,
1013660,,
1013665,,
1013667,,
1013668,,
1013672,,
1013681,,
1013688,,
1013698,,
1013702,,
1013703,,
1013704,,
1013705,,
1013720,,
1013723,,
1013726,,
1013730,,
1013757,,
1013826,,
1013827,,
1013838,,
1013883,,
1013886,,
1013907,,
1013910,,
1013912,,
1013914,,
1013927,,
1013935,,
1013941,,
1013942,,
1013953,,
1013959,,
1013965,,
1013968,,
1013969,,
1013988,,
1013992,,
1001658,,
1001850,,
1001927,,
1002040,,
1002388,,
1002470,,
1002774,,
1002806,,
1002839,,
1003092,,
1003193,,
1003441,,
1003452,,
1003455,,
1003458,,
1003462,,
1003512,,
1003531,,
1003539,,
1003574,,
1003600,,
1003629,,
1004153,,
1004192,,
1004322,,
1004647,,
1004764,,
1004844,,
1004940,,
1005063,,
1005958,,
1006122,,
1006151,,
1007048,,
1007430,,
1008007,,
1008234,,
1008303,,
1008360,,
1008652,,
1009033,,
1009428,,
1009431,,
1009471,,
1010314,,
1010559,,
1010623,,
1010660,,
1011006,,
1011526,,
1011828,,
1012347,,
1001657,,
1002259,,
1003769,,
1005159,,
1005420,,
1005453,,
1006016,,
1007741,,
1012494,,
1013179,,
1013553,,
1000743,,
1000912,,
1001640,,
1012015,,
1012033,,
1000011,,
1000054,,
1000091,,
1000205,,
1000388,,
1000600,,
1001088,,
1001123,,
1001251,,
1001277,,
1001388,,
1001389,,
1001390,,
1001391,,
1001398,,
1001402,,
1001582,,
1001583,,
1001626,,
1001688,,
1001738,,
1001917,,
1001966,,
1002025,,
1002151,,
1002199,,
1002220,,
1002250,,
1002273,,
1002297,,
1002424,,
1002481,,
1002482,,
1002544,,
1002582,,
1002602,,
1002603,,
1002604,,
1002687,,
1002701,,
1002791,,
1002812,,
1002895,,
1002986,,
1003026,,
1003050,,
1003066,,
1003155,,
1003203,,
1003285,,
1003336,,
1003491,,
1003576,,
1003642,,
1003839,,
1003840,,
1003922,,
1003942,,
1003992,,
1004034,,
1004047,,
1004049,,
1004054,,
1004063,,
1004086,,
1004090,,
1004107,,
1004108,,
1004112,,
1004115,,
1004120,,
1004154,,
1004163,,
1004180,,
1004195,,
1004198,,
1004210,,
1004229,,
1004293,,
1004296,,
1004336,,
1004429,,
1004450,,
1004482,,
1004527,,
1004567,,
1004654,,
1004703,,
1004706,,
1004794,,
1004919,,
1004977,,
1005109,,
1005209,,
1005240,,
1005256,,
1005285,,
1005329,,
1005387,,
1005435,,
1005451,,
1005477,,
1005481,,
1005550,,
1005572,,
1005663,,
1005674,,
1005723,,
1005771,,
1005857,,
1005925,,
1005967,,
1006297,,
1006374,,
1006375,,
1006376,,
1006379,,
1006387,,
1006398,,
1006497,,
1006503,,
1006528,,
1006569,,
1006604,,
1006638,,
1006639,,
1006640,,
1006687,,
1006762,,
1006771,,
1006887,,
1007011,,
1007020,,
1007021,,
1007039,,
1007107,,
1007125,,
1007304,,
1007319,,
1007326,,
1007356,,
1007361,,
1007381,,
1007448,,
1007569,,
1007572,,
1007602,,
1007828,,
1007849,,
1007850,,
1007872,,
1007941,,
1008026,,
1008098,,
1008498,,
1009724,,
1010159,,
1010644,,
1010955,,
1011114,,
1011115,,
1011331,,
1011405,,
1011801,,
1004651,,
1008139,,
1008298,,
1008888,,
1008984,,
1009289,,
1011226,,
1011702,,
1012135,,
1012140,,
1012142,,
1012143,,
1012145,,
1012146,,
1012154,,
1012156,,
1012157,,
1012164,,
1012165,,
1012177,,
1012184,,
1012186,,
1012189,,
1012192,,
1012193,,
1012194,,
1012195,,
1012198,,
1012200,,
1012201,,
1012204,,
1012205,,
1012207,,
1012208,,
1012209,,
1012211,,
1012213,,
1012214,,
1012218,,
1012219,,
1012230,,
1012231,,
1012232,,
1012233,,
1012236,,
1012238,,
1012240,,
1012241,,
1012244,,
1012245,,
1012248,,
1012251,,
1012256,,
1012257,,
1012272,,
1012286,,
1012298,,
1012300,,
1012301,,
1012305,,
1012310,,
1012311,,
1012317,,
1012321,,
1012322,,
1012325,,
1012329,,
1012332,,
1012335,,
1012336,,
1012340,,
1012341,,
1012348,,
1012351,,
1012353,,
1012355,,
1012357,,
1012358,,
1012359,,
1012360,,
1012361,,
1012365,,
1012377,,
1012378,,
1012383,,
1012385,,
1012386,,
1012387,,
1012388,,
1012390,,
1012392,,
1012393,,
1012395,,
1012412,,
1012432,,
1012433,,
1012438,,
1012439,,
1012445,,
1012446,,
1012450,,
1012452,,
1012453,,
1012455,,
1012457,,
1012459,,
1012461,,
1012464,,
1012466,,
1012467,,
1012468,,
1012470,,
1012471,,
1012472,,
1012478,,
1012479,,
1012482,,
1012483,,
1012484,,
1012486,,
1012487,,
1012491,,
1012492,,
1012495,,
1012496,,
1012497,,
1012498,,
1012500,,
1012503,,
1012504,,
1012507,,
1012508,,
1012518,,
1012520,,
1012522,,
1012523,,
1012524,,
1012526,,
1012529,,
1012530,,
1012532,,
1012533,,
1012534,,
1012535,,
1012538,,
1012539,,
1012541,,
1012544,,
1012545,,
1012551,,
1012552,,
1012555,,
1012557,,
1012558,,
1012559,,
1012560,,
1012562,,
1012563,,
1012565,,
1012566,,
1012568,,
1012570,,
1012572,,
1012576,,
1012579,,
1012581,,
1012582,,
1012583,,
1012584,,
1012586,,
1012589,,
1012590,,
1012591,,
1012592,,
1012594,,
1012595,,
1012596,,
1012597,,
1012598,,
1012602,,
1012603,,
1012607,,
1012615,,
1012618,,
1012619,,
1012622,,
1012623,,
1012624,,
1012626,,
1012628,,
1012631,,
1012633,,
1012638,,
1012652,,
1012658,,
1012659,,
1012667,,
1012668,,
1012669,,
1012672,,
1012676,,
1012680,,
1012681,,
1012684,,
1012686,,
1012687,,
1012696,,
1012705,,
1012707,,
1012708,,
1012709,,
1012710,,
1012711,,
1012712,,
1012713,,
1012714,,
1012718,,
1012720,,
1012721,,
1012722,,
1012723,,
1012725,,
1012726,,
1012727,,
1012729,,
1012731,,
1012735,,
1012736,,
1012737,,
1012742,,
1012744,,
1012748,,
1012750,,
1012753,,
1012755,,
1012759,,
1012760,,
1012761,,
1012762,,
1012763,,
1012764,,
1012768,,
1012769,,
1012773,,
1012777,,
1012778,,
1012783,,
1012784,,
1012785,,
1012787,,
1012790,,
1012796,,
1012797,,
1012800,,
1012804,,
1012806,,
1012810,,
1012811,,
1012812,,
1012814,,
1012817,,
1012818,,
1012819,,
1012822,,
1012826,,
1012828,,
1012833,,
1012835,,
1012841,,
1012861,,
1012908,,
1012953,,
1012964,,
1012970,,
1012982,,
1012996,,
1013004,,
1013011,,
1013033,,
1013045,,
1013049,,
1013053,,
1013058,,
1013061,,
1013064,,
1013065,,
1013075,,
1013077,,
1013085,,
1013086,,
1013095,,
1013124,,
1013127,,
1013144,,
1013203,,
1013217,,
1013221,,
1013230,,
1013245,,
1013280,,
1013307,,
1013310,,
1013311,,
1013334,,
1013355,,
1013356,,
1013368,,
1013373,,
1013378,,
1013388,,
1013392,,
1013405,,
1013415,,
1013416,,
1013529,,
1013573,,
1013579,,
1013593,,
1013612,,
1013613,,
1013615,,
1013638,,
1013664,,
1013675,,
1013676,,
1013679,,
1013685,,
1013692,,
1013697,,
1013709,,
1013710,,
1013712,,
1013717,,
1013722,,
1013737,,
1013738,,
1013743,,
1013745,,
1013748,,
1013772,,
1013785,,
1013801,,
1013809,,
1013815,,
1013823,,
1013848,,
1013849,,
1013853,,
1013876,,
1013892,,
1013930,,
1013937,,
1013946,,
1013952,,
1013964,,
1013966,,
1013975,,
1013979,,
1013981,,
1013989,,
1013991,,
