1000355,0.0,0.0,1.63344775,172.0,540
1000435,0.0,0.004308859999999999,0.0,1.0,220
1000435,0.0,0.00373598,0.0,1.0,220
1000435,0.0,0.00433208,0.0,1.0,220
1000435,0.0,0.00730063,0.0,1.0,220
1002978,0.55251415,0.0,0.0,13.0,740
1003056,0.876604,0.0,0.0,24.0,760
1004651,1.044933,0.0,0.0,8.0,0
1004905,0.67385551,0.0,0.0,14.0,750
1006750,0.312618,0.0,0.0,2.0,745
1006770,0.0,0.008052,0.0,3.0,220
1006770,0.0,0.01188,0.0,4.0,220
1006770,0.0,0.022374,0.0,14.0,220
1006770,0.0,0.034675,0.0,2.0,220
1006770,0.0,0.024222,0.0,2.0,220
1006770,0.0,0.0,0.0066,2.0,220
1006770,0.0,0.10643870967741935,0.025545290322580644,31.0,220
1006770,0.0,0.00584,0.0,1.0,220
1006770,0.0,0.1582195652173913,0.2056854347826087,23.0,220
1006770,0.070115,0.0,0.154253,31.0,220
1006770,0.0,0.059886,0.0,4.0,220
1006770,0.0,0.017237647058823528,0.01939235294117647,17.0,220
1006770,0.0,0.007986,0.0,4.0,220
1006770,0.0,0.04710315789473684,0.04239284210526316,19.0,220
1006770,0.0,0.2539018918918919,0.2987081081081081,37.0,220
1006770,0.0,0.010098,0.0,5.0,220
1007037,0.0,0.0077861599999999994,0.0,6.0,430
1007037,0.0,0.01013657,0.0,2.0,430
1007037,0.0,0.00447889,0.0,2.0,430
1007037,0.0,0.00313633,0.0,2.0,430
1007037,0.019261125,0.083464875,0.0,48.0,430
1007037,0.005199120000000001,0.012131280000000003,0.0,20.0,430
1007037,0.00517151,0.0,0.0,3.0,430
1007037,0.01816979823529412,0.016150931764705882,0.0,17.0,430
1007476,0.0,0.0,0.017262,8.0,420
1007476,0.0,0.0,0.062572,20.0,420
1007479,0.0,0.018390181000000002,0.036780362000000004,12.0,430
1007479,0.03190879433333333,0.0,0.06381758866666666,12.0,430
1007479,0.004581737454545455,0.0,0.004581737454545455,8.0,430
1007479,0.0002989665,0.0,0.0002989665,4.0,430
1007479,0.1845876726521739,0.0,0.2197472293478261,25.0,430
1007479,0.405554522,0.0,0.405554522,18.0,430
1007479,0.0,0.0,0.050158372,3.0,430
1007479,0.372331425,0.0,0.372331425,4.0,430
1007479,0.003767286,0.0,0.0,2.0,430
1007479,0.11802401875,0.0,0.16523362625,28.0,430
1007482,0.0,0.0,0.963573757,26.0,395
1007482,0.0,0.0,0.235651032,125.0,395
1007482,0.09964876235294118,0.0,3.2884091576470587,264.0,395
1007482,0.0,0.0,8.017510067,1182.0,395
1007482,0.0,0.0,0.007017484,3.0,395
1007482,1.4598462337096774,0.0,7.591200415290323,130.0,395
1007484,0.0,0.00680429,0.0,4.0,580
1007484,0.0,0.00530389,0.0,2.0,580
1007484,0.0,0.00427253,0.0,1.0,580
1007485,0.0,0.0,1.332973546,200.0,220
1007485,0.0,0.0,0.053434431,21.0,220
1007485,0.0,0.0,0.062692566,6.0,220
1007485,0.0,0.0,1.159532441,285.0,220
1007485,0.0,0.0,1.1620522739999999,44.0,220
1007485,0.00973359807761194,0.0,1.6206440799223882,335.0,220
1007485,0.0,0.0,0.771689384,154.0,220
1007599,0.0,0.01801104666666667,0.11707180333333334,15.0,230
1007777,0.0,0.0072835,0.0072835,8.0,430
1007777,0.0,0.0,0.029798,6.0,430
1007777,0.0,0.0,0.033447,17.0,430
1008051,0.00343089,0.0,0.00343089,4.0,160
1008051,0.40920638813303967,0.0,0.43150646378061674,389.0,160
1008052,0.0,0.0,0.004491,3.0,580
1008052,0.48589527601809956,0.0,1.4229790226244345,165.0,580
1008052,0.20220787830687828,0.0,0.7151254232804233,156.0,580
1008066,0.0,0.002088,0.0,5.0,305
1008066,0.0,0.0,0.005312,7.0,305
1008078,0.0,1.3e-05,0.0,2.0,507
1008079,0.0,0.102379,0.0,33.0,260
1008079,0.0,0.0,0.002072,4.0,260
1008079,0.0,0.00793,0.0,4.0,260
1008079,0.0,0.000336,0.0,1.0,260
1008079,0.0,0.134906,0.0,37.0,260
1008079,0.0,0.000248,0.0,2.0,260
1008079,0.0,0.004421,0.0,3.0,260
1008079,0.0,0.042792,0.0,11.0,260
1008079,0.0,0.003153,0.0,6.0,260
1008079,0.0,0.0,0.00588,15.0,260
1008079,0.0,0.004225,0.004225,4.0,260
1008086,0.0,0.5594351842105263,2.7393033157894737,513.0,575
1008086,0.0,0.3871417578947368,1.083996922105263,190.0,575
1008087,0.0,0.0,3.5585367519999997,175.0,540
1008090,0.0,0.0,0.84090661,51.0,220
1008111,0.031487707145,0.0,0.031487707145,2.0,890
1008113,0.0,0.0,0.1814232623,25.0,220
1008113,0.0,0.0,0.008393617905,3.0,220
1008116,0.0,0.05428846153846154,0.0021715384615384613,26.0,160
1008116,0.0,0.000364,0.0,1.0,160
1008134,0.0,0.0,0.35847703490000005,25.0,350
1008134,0.0,0.032429439336666664,0.9404537407633333,29.0,350
1008134,0.0,0.0,0.40219759000000005,14.0,350
1008134,0.0,0.0,0.6404024899,10.0,350
1008141,0.5095209055403226,0.0,0.3444648375483871,129.0,430
1008141,0.5653939687791667,0.0,0.14878788652083333,24.0,430
1008141,0.44908314975,0.0,0.0,20.0,430
1008141,1.938134758857143,0.0,0.9180638331428572,19.0,430
1008141,1.339069875,0.0,0.0,2.0,430
1008141,0.1526248761,0.0,0.0,5.0,430
1008141,0.019009618857,0.023233978603,0.0,11.0,430
1008141,0.004641874148,0.0,0.0,2.0,430
1008141,1.2802752095833334,0.0,0.12802752095833334,39.0,430
1008141,10.090685201019108,0.0,6.993544198726115,143.0,430
1008141,0.39493692318867923,0.0,0.22070004531132076,53.0,430
1008141,0.48796939900434777,0.0,0.046473276095652175,21.0,430
1008141,0.7308027808846153,0.0,0.12760048555128206,82.0,430
1008141,0.136861853,0.0,0.0,12.0,430
1008141,0.6030341351999999,0.0,0.7603473878608696,63.0,430
1008141,1.035409314,0.0,0.0,7.0,430
1008141,0.2345406287,0.0,0.0,7.0,430
1008141,2.4520373284438044,0.0,2.7770061310086454,340.0,430
1008141,0.47712765539999996,0.0,0.0,16.0,430
1008141,3.8859316892682925,0.0,0.3067840807317073,41.0,430
1008141,0.34394328240000005,0.0,0.0,4.0,430
1008141,0.02661911294,0.0,0.0,4.0,430
1008141,0.14737932080526314,0.0,0.16375480089473687,19.0,430
1008141,0.30983021118181814,0.0,0.02065534741212121,34.0,430
1008141,0.8387686738,0.0,0.0,6.0,430
1008141,5.270135982,0.0,0.0,25.0,430
1008141,0.057818525233333334,0.0,0.1471744278666667,42.0,430
1008141,0.024295393686666666,0.0,0.006941541053333333,7.0,430
1008141,0.22355606963387098,0.0,0.0680388038016129,32.0,430
1008141,0.002717308529,0.0,0.0,2.0,430
1008141,0.0,0.002993944554,0.0,10.0,430
1008141,3.2789188379484533,0.0,0.3050157058556701,50.0,430
1008141,5.129343176363636,0.0,2.1982899327272727,12.0,430
1008141,0.40427653399999997,0.0,0.0,4.0,430
1008141,2.3456844388764044,0.0,3.7037122719101125,40.0,430
1008141,0.19463652478571428,0.0,0.07785460991428571,10.0,430
1008141,0.10221390817157895,0.0,0.25377246166736844,89.0,430
1008141,0.8055034698,0.0,0.0,12.0,430
1008141,0.1712337212,0.0,0.0428084303,8.0,430
1008141,0.3675691656585366,0.0,0.06891921856097562,22.0,430
1008141,0.0,0.0046654566809999996,0.0,3.0,430
1008141,0.5337656573125,0.0,0.3202593943875,25.0,430
1008141,1.6451182894999998,1.6451182894999998,0.0,13.0,430
1008141,0.0,0.0,0.007704633101000001,2.0,430
1008141,1.8468831669999999,0.0,0.0,45.0,430
1008167,0.0,0.4624596393442623,0.0906783606557377,305.0,575
1008173,0.0,0.0,15.358725699999999,504.0,395
1008173,0.0,0.0,9.54906409,265.0,395
1008173,0.0,0.0,11.415574970000002,1043.0,395
1008173,0.0,0.0,0.13499508999999998,54.0,395
1008190,0.0,0.0,0.04413,6.0,305
1008190,0.0,0.0,0.009976,11.0,305
1008190,0.0,0.0,0.045841,6.0,305
1008190,0.1651915,0.0,0.1651915,43.0,305
1008190,0.0,0.0,0.030129,26.0,305
1008190,0.0,0.0,0.17133,21.0,305
1008190,0.0,0.0,0.048584,12.0,305
1008202,0.0,0.0,0.20717360999999998,271.0,540
1008202,0.0,0.0,0.7114222,21.0,540
1008203,0.0,0.0,2.20518053,90.0,515
1008206,0.16939777,0.0,0.16939777,243.0,540
1008206,2.227777536705882,0.0,2.6276350432941173,562.0,540
1008219,0.0,0.0,0.006776,3.0,220
1008219,0.0,0.024929299999999998,0.0203967,20.0,220
1008219,0.0,0.009048,0.0,4.0,220
1008219,0.0,0.0,0.005036,3.0,220
1008219,0.0,0.0,0.012156,6.0,220
1008219,0.0,0.0,0.423524,72.0,220
1008219,0.0,0.023269599999999998,2.0128204,350.0,220
1008219,0.0,0.0,1.453741,166.0,220
1008219,0.0,0.0,0.010174,3.0,220
1008219,0.0,0.0,0.033104,5.0,220
1008219,0.0,0.0,0.154322,44.0,220
1008219,0.0,0.0,0.00496,3.0,220
1008219,0.0,0.0,1.193331,131.0,220
1008219,0.0,0.0,0.258627,81.0,220
1008224,0.0,0.0244865,0.0,7.0,220
1008224,0.0,0.03009161,0.0,5.0,220
1008224,0.0,0.0046697299999999995,0.0,1.0,220
1008224,0.0,0.09042799733333333,0.0064591426666666665,15.0,220
1008224,0.0,0.049102299999999995,0.011331299999999999,16.0,220
1008224,0.0,0.051254430000000004,0.0,9.0,220
1008241,0.0,0.009671579999999999,0.0,3.0,360
1008241,0.0,0.05087411102040816,0.005781148979591837,49.0,360
1008241,0.0,0.23020224615384619,0.5927707838461539,143.0,360
1008241,0.0,0.00926794,0.0,4.0,360
1008241,0.0,0.00612012,0.0,3.0,360
1008241,0.0,0.0,0.09875313000000001,11.0,360
1008241,0.07936948235294118,0.0,0.23810844705882353,28.0,360
1008241,0.0,0.031039103333333328,0.11938116666666666,63.0,360
1008241,0.0,0.00647687,0.0,2.0,360
1008241,0.0,0.0,0.07720809,4.0,360
1008242,0.0,0.01403176,0.0,2.0,220
1008242,0.0,0.00949272,0.0,7.0,220
1008242,0.018013121296296297,0.0,0.025218369814814814,54.0,220
1008242,0.0,0.011817853333333333,0.023635706666666666,9.0,220
1008270,0.0,0.433565538943299,1.176228041056701,573.0,540
1008270,0.0,0.003795545,0.003795545,12.0,540
1008275,0.0,0.0,0.00451,2.0,395
1008275,0.0,0.07029867711598746,1.2488353228840126,319.0,395
1008275,0.0,0.09336318644067797,2.660850813559322,413.0,395
1008275,0.0,0.0,0.018815,6.0,395
1008275,0.14349665524625269,0.0,10.905745798715204,922.0,395
1008275,0.0,0.0,0.011597,6.0,395
1008275,0.0,0.0,0.083943,12.0,395
1008275,0.0,0.0,0.035421,12.0,395
1008275,0.0,1.1425457142857143,8.321541285714286,497.0,395
1008275,0.0,0.01112325,0.03336975,8.0,395
1008287,0.0,0.0,0.05872601,8.0,360
1008287,0.0,0.0,1.351316,221.0,360
1008287,0.0,0.0,0.024832080000000003,12.0,360
1008287,0.0,0.02455927901234568,0.47276612098765436,162.0,360
1008287,0.0,0.0,0.00399127,2.0,360
1008287,0.0,0.0,0.2332254,39.0,360
1008287,0.0,0.0,1.353432,213.0,360
1008287,0.0,0.03324909677419355,0.9974729032258064,186.0,360
1008289,0.0,0.010677,0.0,2.0,420
1008290,0.0,0.820817419204893,2.229265490795107,327.0,430
1008290,0.0,0.9117043113300491,3.7151950686699506,203.0,430
1008290,0.0,0.0167216,0.0,7.0,430
1008293,0.0,0.0,0.18071057000000001,8.0,220
1008293,0.0,0.0,3.1208227400000004,19.0,220
1008293,0.0,0.0,0.09602777,4.0,220
1008293,0.0,0.0,0.17242459,4.0,220
1008293,0.0,0.0,0.10516534,5.0,220
1008293,0.0,0.0,0.64188135,32.0,220
1008293,0.0,0.0,0.70089247,17.0,220
1008293,0.0,0.0,0.06309178,6.0,220
1008293,0.83160697,0.0,0.0,10.0,220
1008293,0.0,0.0,0.017401970000000003,8.0,220
1008296,0.0,0.0,0.23936881,110.0,595
1008296,0.0,0.0,0.245982,1738.0,595
1008299,0.074825,0.0,0.0,5.0,305
1008299,0.090155,0.0,0.0,6.0,305
1008308,0.44083634000000005,0.0,0.0,16.0,760
1008331,0.0,1.7873690500000001,1.7873690500000001,14.0,430
1008331,0.0,0.23281986942307695,0.6319396455769231,26.0,430
1008331,0.0,1.8242888823636363,4.0778222076363635,51.0,430
1008331,0.0,0.19790601444444444,3.3644022455555556,18.0,430
1008331,0.0,0.0,0.02208861,1.0,430
1008331,0.0,0.0,0.033146339999999996,3.0,430
1008331,0.0,0.7989805166666666,3.9949025833333334,36.0,430
1008346,2.0498363200000003,0.0,0.0,4.0,745
1008346,28.98501663,0.0,0.0,21.0,745
1008351,0.0,0.023104,0.008664,11.0,430
1008351,0.0,0.2648948106060606,0.8815351893939395,264.0,430
1008351,0.0,0.0137056,0.0205584,20.0,430
1008351,0.0,0.0,0.013646,7.0,430
1008351,0.0,0.013754142857142857,0.018338857142857143,7.0,430
1008351,0.0,0.0,0.188267,59.0,430
1008351,0.0,0.0,0.61986,117.0,430
1008351,0.0,0.12004896000000001,0.13005303999999998,25.0,430
1008351,0.0,0.014559,0.0,3.0,430
1008351,0.0,0.28847465587044535,5.649295344129555,494.0,430
1008351,0.0,0.003075,0.0,3.0,430
1008351,0.0,0.005463,0.0,11.0,430
1008351,0.0,0.013515,0.0,12.0,430
1008352,0.0,0.028957159793814434,0.7735698402061856,194.0,360
1008352,0.0,0.0,0.065041,2.0,360
1008352,0.0,0.0,0.003235,3.0,360
1008352,0.0,0.005615806451612903,0.0192541935483871,31.0,360
1008352,0.0,0.0,0.03531,27.0,360
1008355,0.0,0.40680421731818184,0.48816506078181815,110.0,595
1008383,0.0,0.0,0.12933866,54.0,350
1008383,0.0,0.0,2.74487305,42.0,350
1008383,0.0,0.0,0.5894784599999999,7.0,350
1008383,0.0,0.03411055636363636,0.15349750363636364,33.0,350
1008396,0.0,0.0,1.452987,338.0,515
1008396,0.0,0.0,0.235895,18.0,515
1008396,0.0,0.0,2.290621,631.0,515
1008402,10.9009634,0.0,0.0,189.0,745
1008402,0.10733426,0.0,0.0,3.0,745
1008402,5.10213728,0.0,0.0,50.0,745
1008402,0.01180008,0.0,0.0,5.0,745
1008407,0.0,0.30039000558139534,0.10325906441860466,43.0,575
1008407,0.0,1.4537323008,1.3477309872,183.0,575
1008411,0.0,0.0,0.04528959,18.0,360
1008411,0.0,0.0,0.13496674,36.0,360
1008439,0.0,0.0,0.029844,6.0,220
1008439,0.0,0.0,2.694045,243.0,220
1008439,0.0,0.0,1.673031,144.0,220
1008471,0.0,0.0,0.4340623224,132.0,395
1008471,0.0,0.0,1.787842969,765.0,395
1008471,0.0,0.0,10.54425453,1610.0,395
1008471,0.0,0.0,0.2500477772,76.0,395
1008471,0.0,0.0,2.6839880000000002e-05,2.0,395
1008471,0.0,0.0,0.038983242960000004,13.0,395
1008471,0.5083198313814561,0.0,11.683769258618543,1540.0,395
1008471,0.0,0.0,1.3550013799999998,577.0,395
1008471,0.0,0.0,0.02543205554,10.0,395
1008471,0.0,0.0,0.03880989945,21.0,395
1008471,0.0,0.0,0.00010368000000000001,1.0,395
1008471,0.11124297647999999,0.0,2.9788397035200003,723.0,395
1008471,0.7583499411540209,0.0,19.351628618845975,2118.0,395
1008471,0.0,0.0,0.1867714994,75.0,395
1008472,3.4224847408011243,0.0,9.978930799487,1079.0,360
1008472,0.023472798125,0.0,0.44989529739583334,138.0,360
1008472,0.0,0.029011360594285714,0.021758520445714285,14.0,360
1008472,0.0,0.06567978654545453,0.22331127425454542,66.0,360
1008472,0.0,0.03201478034,0.0,19.0,360
1008472,0.20618788819767445,0.0,3.257768633523256,324.0,360
1008472,0.0,0.0593888623,0.0,10.0,360
1008472,0.0,0.004426539376666667,0.008853078753333334,3.0,360
1008490,2.8445643536714442,0.0,15.716729666328558,938.0,395
1008490,0.0,0.0,1.55955196,464.0,395
1008490,0.0,0.0,0.0042866300000000005,3.0,395
1008490,0.0,0.0,0.00721666,4.0,395
1008490,6.44606039032258,0.0,12.996651489677419,567.0,395
1008490,0.8988979777468706,0.0,9.783006324478443,719.0,395
1008499,2.9800235,0.0,0.0,4.0,745
1008499,9.740128,0.0,0.0,10.0,745
1008506,0.0,0.00219,0.0,3.0,210
1008506,0.0,0.025915,0.0,18.0,210
1008506,0.0,0.004015,0.0,3.0,210
1008506,0.0,0.004745,0.0,9.0,210
1008506,0.0,0.00876,0.0,6.0,210
1008526,0.0,0.0,0.08195675,24.0,220
1008526,0.0,0.011807209999999999,0.0,2.0,220
1008526,0.0,0.0,2.30097153,479.0,220
1008526,0.0,0.0,5.9506888700000005,506.0,220
1008526,0.0,0.7032444972736254,12.162740672726374,3037.0,220
1008526,0.0,0.0,0.02194579,4.0,220
1008526,0.0,0.0,0.01082519,3.0,220
1008526,0.0,0.16532157873417722,1.6156427012658225,474.0,220
1008526,0.0,0.0,0.35632496,24.0,220
1008526,0.0,0.04174559440963855,17.28267608559036,1660.0,220
1008526,0.0,0.0,0.29788798,29.0,220
1008526,0.0,0.0,0.2376351501,186.0,220
1008526,0.0,0.0,6.038832205,1244.0,220
1008528,0.0,0.22366442601809952,0.41828152398190044,221.0,260
1008530,0.0,0.03356792586206896,0.16112604413793105,58.0,360
1008530,0.0,0.14253536933491684,1.321059520665083,421.0,360
1008530,0.0,0.01096208842105263,0.058464471578947366,19.0,360
1008530,0.0,0.01955846,0.0,7.0,360
1008530,0.0,0.0,0.013536459999999998,10.0,360
1008530,0.0,0.0,0.013303770000000001,10.0,360
1008530,0.0,0.00412527,0.0,4.0,360
1008538,0.0,0.020770757603686636,5.613297242396314,1085.0,515
1008544,0.21045696000000003,0.0,0.65391984,94.0,430
1008544,0.09755425945945946,0.0,0.10297394054054054,38.0,430
1008544,0.0,0.0,0.0039003,4.0,430
1008544,2.591638428994083,0.0,3.4433505887573967,283.0,430
1008544,0.2514107607576923,0.0,0.7169862436423077,88.0,430
1008544,0.2597935161290323,0.0,0.5455663838709678,21.0,430
1008544,0.0,0.0,0.2325304,4.0,430
1008544,0.0,0.0,0.0198574,3.0,430
1008544,1.274830848,0.0,1.3843866239999998,139.0,430
1008544,0.0,0.0,0.0167033,8.0,430
1008544,0.5686876897959183,0.0,0.5923830102040817,55.0,430
1008544,2.4932964219321145,0.0,4.138179478067886,433.0,430
1008544,0.0,0.0,0.25105320000000003,10.0,430
1008544,3.741688180165289,0.0,6.35669701983471,457.0,430
1008545,0.0,0.0,0.0692149,8.0,350
1008545,0.0,0.0069226,0.0,9.0,350
1008545,0.0,0.016995299999999998,0.0,43.0,350
1008545,0.0,0.0046584,0.0,7.0,350
1008548,0.0,0.03402,0.0,16.0,220
1008548,0.0,0.054031,0.0,12.0,220
1008577,0.03266303538461539,0.0,1.388179003846154,89.0,395
1008577,0.0,0.0021413622500000003,0.42613108775,200.0,395
1008577,0.0,0.019603925916398715,0.7424986940836013,311.0,395
1008577,0.0,0.0,0.0385845,36.0,395
1008587,0.0,0.2814134117647059,0.11725558823529411,17.0,260
1008587,0.0,0.016561,0.0,3.0,260
1008587,0.0,0.0,0.345359,2.0,260
1008587,0.0,0.029124,0.0,3.0,260
1008587,0.0,0.015478,0.0,2.0,260
1008590,0.0,0.0,0.017082,16.0,535
1008590,0.0,0.0,0.020599040000000002,12.0,535
1008598,0.0,0.0,0.020110580000000003,7.0,360
1008598,0.0,0.0,0.06082124,16.0,360
1008598,0.0,0.0,0.00525962,3.0,360
1008598,0.0,0.0,0.05678126,20.0,360
1008598,0.0,0.0,0.07616392,24.0,360
1008604,0.0,0.00215088,0.0,37.0,220
1008607,0.0,0.0048999740000000005,0.0,22.0,430
1008607,0.0014820945882352942,0.04051058541176471,0.0,126.0,430
1008607,0.0027738212485768497,0.20605529275142315,0.0,467.0,430
1008607,0.0006437283048128342,0.03948200269518716,0.0,131.0,430
1008607,0.0,0.027043321,0.0,39.0,430
1008607,0.009258848905172413,0.32121083509482756,0.0,784.0,430
1008607,0.0,0.000345687,0.0,2.0,430
1008607,0.0,0.0012802439999999998,0.0,7.0,430
1008616,0.0,0.004783333333333333,0.0023916666666666665,9.0,350
1008616,0.05275322891566265,0.0,0.08352594578313252,296.0,350
1008616,0.02610358620689655,0.0,0.045681275862068965,54.0,350
1008616,0.0,0.021423666666666667,0.042847333333333334,9.0,350
1008616,0.5094508571428572,0.0,0.8871471822660099,145.0,350
1008616,0.0,0.009868666666666666,0.004934333333333333,9.0,350
1008616,0.07927780555555557,0.0,0.07927780555555557,85.0,350
1008616,0.0,0.054652,0.0,55.0,350
1008616,0.0,0.010138,0.0,6.0,350
1008616,0.0,0.01069,0.005345,9.0,350
1008616,0.0,0.0,0.052955,3.0,350
1008622,0.0,0.0,0.047796,9.0,535
1008622,0.0,0.0,0.161904,50.0,535
1008630,0.0,0.0,1.5660239569999999,499.0,220
1008630,0.0,0.0,0.004088138505,9.0,220
1008630,0.0,0.0,0.0054007174,19.0,220
1008630,0.0,0.0,3.8964363709999996,350.0,220
1008630,0.0,0.0,0.001341065535,106.0,220
1008630,0.0,0.0,0.9371125744000001,353.0,220
1008632,0.0,0.0,0.7795512839000001,27.0,430
1008632,0.0,0.0,1.335727941,62.0,430
1008632,0.0,0.0,13.402062970000001,298.0,430
1008639,0.0,0.0006668366211,0.0,2.0,430
1008639,0.0,0.004707385607,0.0,5.0,430
1008639,0.0,0.005487284582999999,0.0,2.0,430
1008639,0.0,0.001297117684,0.0,6.0,430
1008639,0.0,0.0038531404269999997,0.0,2.0,430
1008639,0.0,0.002725776455,0.0,2.0,430
1008639,0.0,0.004859803939,0.0,5.0,430
1008639,0.0,0.002796652959,0.0,3.0,430
1008642,0.0,0.0,0.03246075,10.0,430
1008642,0.0,0.004156,0.0,3.0,430
1008642,0.0,0.0,0.03262142,8.0,430
1008642,0.0,0.0,0.86266819,8.0,430
1008698,0.0,3.505e-05,3.505e-05,3.0,360
1008700,0.0,0.015335963157894735,0.007078136842105262,26.0,430
1008700,0.0,0.0056146799999999995,0.07860552,28.0,430
1008700,0.1649634608695652,0.0,0.3299269217391304,191.0,430
1008700,0.0,0.0031909,0.0,3.0,430
1008700,0.0,0.0045766,0.0,2.0,430
1008700,0.0,0.0163506,0.0163506,14.0,430
1008700,0.0,0.0773938875,0.0529537125,57.0,430
1008700,0.0,0.2625548872340425,0.053857412765957444,39.0,430
1008700,0.0,0.0,0.1696028,19.0,430
1008700,0.08180697460317458,0.0,0.18955274603174604,162.0,430
1008702,0.0,0.0,0.0258332,2.0,360
1008702,0.0,3.025531914893617e-05,1.34468085106383e-06,45.0,360
1008702,0.0,0.0004643157894736842,0.003946684210526316,17.0,360
1008702,0.14067502564102566,0.0,0.3469983965811966,74.0,360
1008702,0.0,0.00014666666666666666,2.9333333333333333e-05,15.0,360
1008702,0.0,0.0037,0.0074,4.0,360
1008702,0.0,0.0041907428571428575,0.003143057142857143,4.0,360
1008702,0.027263213903743314,0.0,0.469533128342246,155.0,360
1008702,0.11522000842020849,0.0,0.902395360064154,932.0,360
1008702,0.06671783076923077,0.0,0.07227765,39.0,360
1008702,0.0,0.00017185714285714287,6.874285714285715e-05,10.0,360
1008702,0.0,0.004665975,0.001555325,6.0,360
1008703,0.0,9.779999999999999e-05,0.0,2.0,360
1008714,0.0,0.0,5.016642987,288.0,220
1008714,0.0,0.0,0.07924852602999999,5.0,220
1008714,0.0,0.0,4.0291053969999995,204.0,220
1008714,0.0,0.0,0.2086129808,3.0,220
1008755,0.0,0.0,0.02143394,5.0,540
1008783,0.0,0.0,0.00128758,2.0,160
1008788,0.04393125,0.0,0.109828125,16.0,430
1008788,0.012025333333333334,0.024050666666666668,0.0,6.0,430
1008788,0.0,0.126629,0.126629,26.0,430
1008788,0.0,0.0,0.095208,3.0,430
1008788,0.0,0.0,0.087306,9.0,430
1008788,0.069715,0.0,0.069715,4.0,430
1008788,0.0,0.077650625,0.017919375,16.0,430
1008788,0.1671565,0.0,0.125367375,48.0,430
1008788,0.0,0.0459055,0.0459055,12.0,430
1008794,1.6441611256666668,0.0,3.2883222513333337,122.0,540
1008794,1.6086871873333333,0.0,5.20211830709091,249.0,540
1008806,0.0,0.09933426884999999,0.0,55.0,360
1008806,0.0,0.00610596223,0.0,4.0,360
1008806,0.0,0.14206732726086954,0.004240815739130435,69.0,360
1008806,0.0,0.015628694380000002,0.0,8.0,360
1008806,0.0,0.3106398180788235,0.00748529682117647,170.0,360
1008806,0.0,0.00137059041,0.0,7.0,360
1008806,0.0,0.08466494407058824,0.035277060029411764,34.0,360
1008806,0.0,0.00075949,0.0,2.0,360
1008806,0.0,0.00346881912,0.0,2.0,360
1008806,0.0,0.0163843673,0.0,4.0,360
1008806,0.0,0.22989284163600002,0.072597739464,50.0,360
1008806,0.0,0.01991778769777778,0.02489723462222222,9.0,360
1008807,0.0,0.04411433912,0.0,24.0,375
1008807,0.0,0.004635259818,0.0,3.0,375
1008857,0.0,0.0,0.055091,40.0,515
1008857,0.0,0.0,0.055091,46.0,515
1008857,0.0,0.0,0.110181,137.0,515
1008857,0.0,0.0,2.005297,443.0,515
1008885,0.0,0.1264787875,0.0758872725,24.0,210
1008885,0.0,0.0,0.01640036,2.0,210
1008885,0.0,0.0,0.036351760000000004,9.0,210
1008888,0.0,0.14156334,0.0,70.0,0
1008888,0.0,0.14991743,0.0,8.0,0
1008888,0.61193775,0.0,0.0,18.0,0
1008890,0.4950878811881188,0.0,0.15233473267326733,101.0,430
1008890,0.5419853333333333,0.0,1.0839706666666666,18.0,430
1008959,0.0,0.0,0.038357898849999995,6.0,430
1008959,0.0,0.023893924646666665,0.011946962323333333,12.0,430
1008976,0.0,0.000321,0.0,4.0,350
1008977,0.0,0.0,0.004321,6.0,420
1008977,0.0,0.0056962,0.0512658,20.0,420
1008979,0.0,0.0,1.147687,304.0,540
1008980,0.0,0.0,4.422179,1585.0,395
1008980,0.0,0.0,0.090624,64.0,395
1008980,0.0,0.0,0.102938,63.0,395
1008980,0.0,0.0,0.740354,215.0,395
1008980,0.0,0.0,0.089204,69.0,395
1008980,0.0,0.0,0.289062,149.0,395
1008984,0.0,0.0,0.001698,3.0,0
1008984,0.0,0.0,1.322723,12.0,0
1008998,2.5576984,0.0,0.0,34.0,430
1008998,0.049458524999999996,0.016486175,0.0,8.0,430
1008998,0.47929422,0.0,0.0,4.0,430
1008998,1.26125058,0.0,0.0,19.0,430
1009039,0.0,0.0,0.13349271,6.0,430
1009039,0.0,0.229854715,0.6895641450000001,160.0,430
1009039,0.0,0.38735592054794526,1.0264931894520548,73.0,430
1009039,0.0,1.7983731353950951,7.766886874604905,367.0,430
1009039,0.0,1.406737556190476,6.650032083809523,189.0,430
1009039,0.0,0.1364774672,0.7165067028,25.0,430
1009039,0.0,0.1380659008064516,0.4326064891935484,62.0,430
1009039,0.0,1.13048672,3.3914601600000003,100.0,430
1009039,0.0,0.9810069529411765,4.578032447058824,102.0,430
1009056,3.906972250372671,0.0,3.493292835627329,292.0,430
1009056,3.565330975038356,0.0,2.167469931961644,311.0,430
1009056,0.047253535116666676,0.0,0.03375252508333333,16.0,430
1009076,0.0,0.0043293,0.0,1.0,580
1009082,0.0,0.005938,0.0,5.0,230
1009082,0.0,0.010844,0.0,11.0,230
1009082,0.0,0.010426,0.0,2.0,230
1009082,0.0,0.004725,0.0,17.0,230
1009082,0.0,0.060512,0.0,40.0,230
1009098,0.0,0.0,0.00048711,1.0,160
1009106,0.0,0.0,0.020601,21.0,395
1009106,0.0,0.0,0.00395,2.0,395
1009106,0.0,0.0,0.109979,108.0,395
1009106,0.0,0.0,0.029174,30.0,395
1009106,0.0,0.0,0.099413,118.0,395
1009106,0.0,0.0,0.009996,4.0,395
1009106,0.0,0.0,7.007828,1431.0,395
1009106,0.0,0.0,1.567366,236.0,395
1009115,0.0,0.09976472976,0.89788256784,18.0,355
1009115,0.0,0.0,0.66890289,11.0,355
1009125,0.0,0.0,0.034421461130000004,12.0,535
1009126,0.0,0.04428684676470589,1.461465943235294,136.0,515
1009135,0.0,0.0,0.01176519,4.0,360
1009135,0.0,0.0,0.050635650000000004,4.0,360
1009135,0.0,0.0,0.0833819,4.0,360
1009135,0.0,0.00616325,0.0,3.0,360
1009135,0.0,0.0862836,0.0,4.0,360
1009135,0.0,0.00755056,0.0,4.0,360
1009135,0.0,0.04623207,0.0,7.0,360
1009135,0.0,0.04410204,0.0,4.0,360
1009135,0.0,0.10516746666666668,0.05258373333333334,12.0,360
1009135,0.0,0.04058522,0.0,4.0,360
1009135,0.0,0.00608757,0.0,3.0,360
1009143,0.0,0.018859666666666667,0.037719333333333334,3.0,360
1009143,0.0,0.004731,0.0,3.0,360
1009143,0.0,0.02782,0.0,19.0,360
1009143,0.022099333333333332,0.0,0.022099333333333332,6.0,360
1009143,0.0,0.15943063636363636,0.04689136363636364,22.0,360
1009165,0.0,0.07453823984374999,0.16398412765625,48.0,575
1009185,0.4264047,0.0,0.4264047,60.0,540
1009185,0.0,0.0014298689999999998,0.0,3.0,540
1009185,0.0,0.0,1.286542,102.0,540
1009192,0.0,0.00894224,0.0,3.0,430
1009192,0.0573227,0.0,0.0,6.0,430
1009192,0.0,0.010112620000000001,0.0,2.0,430
1009192,0.0,0.0,0.052803209999999996,9.0,430
1009192,0.0,0.044240800000000004,0.0,9.0,430
1009192,0.03541874,0.0,0.0,1.0,430
1009192,0.0,0.01004647,0.0,4.0,430
1009197,0.9988019229999999,0.0,0.9988019229999999,85.0,395
1009197,0.005867197595394736,0.0,0.17249560930460525,294.0,395
1009197,0.0,0.0,0.5489949308,51.0,395
1009197,0.0,0.0,4.172355532,76.0,395
1009197,0.0,0.0,0.1933118262,11.0,395
1009197,0.0,0.0,1.006226999,21.0,395
1009197,0.0,0.0,14.76269535,153.0,395
1009197,0.0,0.0,0.02469120466,3.0,395
1009197,0.0,0.0,0.00950449574,5.0,395
1009197,0.0,0.20114614,0.0,16.0,395
1009238,0.0,3.2005602259136214,5.2500417740863785,903.0,220
1009238,0.0,0.1481737275862069,0.30414607241379304,58.0,220
1009238,0.0,0.0423150358974359,0.16397076410256411,39.0,220
1009238,0.0,0.805472,0.402736,42.0,220
1009238,0.0,0.2283572,0.0,14.0,220
1009240,0.0,0.004307,0.0,2.0,430
1009240,0.005254375,0.036780625,0.0,8.0,430
1009240,0.018985,0.0,0.0,7.0,430
1009240,0.026622,0.0,0.0,2.0,430
1009240,0.0,0.005931,0.0,2.0,430
1009240,0.0,0.0,0.055537,16.0,430
1009240,0.0,0.0,0.053892510000000005,2.0,430
1009240,0.0,0.004806,0.0,2.0,430
1009240,0.08363575862068966,0.0,0.027878586206896552,52.0,430
1009240,0.1346378108108108,0.10258118918918918,0.0,37.0,430
1009240,0.0,0.007827,0.0,2.0,430
1009240,0.01308,0.0,0.0,2.0,430
1009242,0.0,0.0,1.8994609,153.0,580
1009242,0.0,0.0,1.1446219199999998,67.0,580
1009242,0.07711736,0.0,0.0,80.0,580
1009253,0.0,0.0,10.889573960000002,427.0,395
1009253,0.0,0.380942698866279,14.17953379113372,344.0,395
1009253,0.0,0.20134179126213592,2.989151208737864,206.0,395
1009253,0.0,0.0,0.17522723999999998,10.0,395
1009260,0.0,0.0,1.50160954,34.0,360
1009260,0.0,0.0,9.177991982999998,136.0,360
1009260,0.0,0.0,0.16321103,2.0,360
1009260,0.0,0.0,0.33516872,18.0,360
1009260,0.0,0.0,0.9244734399,6.0,360
1009260,0.0,0.0,1.83277328,44.0,360
1009260,0.0,0.0,2.165297915,75.0,360
1009260,0.0,0.0,0.30034608,16.0,360
1009260,0.0,0.0,0.8874277700000001,15.0,360
1009261,0.0,0.45833259400000004,8.708319286,817.0,395
1009261,0.0,0.0,0.97621015,79.0,395
1009261,0.0,0.0,0.23653022,24.0,395
1009265,0.22688380939759034,0.0,1.2216820506024098,140.0,360
1009265,0.31072820841121496,0.0,0.667151741588785,146.0,360
1009265,0.0047792749999999995,0.0,0.043013474999999995,18.0,360
1009265,0.0,0.0,0.0042428100000000005,2.0,360
1009265,0.061321851999999996,0.0,0.09198277799999999,36.0,360
1009274,0.0,0.15123003,0.0,39.0,360
1009274,0.0,0.15131432,0.0,11.0,360
1009274,0.0,0.00476854,0.0,4.0,360
1009274,0.0,0.01737618,0.0,3.0,360
1009274,0.0,0.010562950000000002,0.0,7.0,360
1009274,0.0,0.09413472,0.0,10.0,360
1009274,0.0,0.00384039,0.0,2.0,360
1009274,0.0,0.1107525,0.0,10.0,360
1009274,0.0,0.01370316,0.0,3.0,360
1009274,0.0,0.0067637899999999996,0.0,3.0,360
1009274,0.0,0.07421042,0.0,2.0,360
1009278,0.0,0.2719174736842105,8.76933852631579,532.0,515
1009278,0.0,0.019895030120481928,1.301134969879518,332.0,515
1009278,0.0,0.0,0.01672533,8.0,515
1009281,0.0,0.0,0.21361174100000002,108.0,395
1009281,0.0,0.0,0.416131495,12.0,395
1009281,0.0,0.0,3.095404682,333.0,395
1009281,0.0,0.0,1.6048778700000002,240.0,395
1009286,0.0,0.0,19.7421233,200.0,540
1009332,0.0,0.058562,0.0,1.0,820
1009335,0.0,0.097701,0.0,69.0,360
1009335,0.0,0.075343,0.0,14.0,360
1009335,0.0,0.006751363636363636,0.008101636363636365,11.0,360
1009335,0.0,0.005344,0.0,3.0,360
1009335,0.0,0.02836720930232558,0.11237779069767441,129.0,360
1009335,0.0,0.0032164285714285715,0.004288571428571428,7.0,360
1009335,0.0,0.0053416875,0.0231473125,16.0,360
1009335,0.0,0.0,0.00442,4.0,360
1009335,0.0,0.01087,0.0,5.0,360
1009335,0.0,0.008395,0.0,6.0,360
1009335,0.0,0.025023666666666666,0.05004733333333333,63.0,360
1009335,0.0,0.03865,0.021644,39.0,360
1009335,0.0,0.014956,0.0,9.0,360
1009335,0.0,0.027155189189189192,0.1403018108108108,74.0,360
1009335,0.0,0.0,0.03966,20.0,360
1009335,0.0,0.004278,0.0,3.0,360
1009335,0.0,0.1327194,0.0281526,120.0,360
1009335,0.0,0.0183062,0.0149778,20.0,360
1009335,0.0,0.004539,0.0,3.0,360
1009350,0.0,0.066573,0.466011,80.0,575
1009350,0.0,0.36516471264367817,2.8117682873563217,470.0,575
1009353,0.0,0.0,0.01110799,5.0,360
1009353,0.0,0.0,1.2020903500000002,81.0,360
1009353,0.0,0.0,0.11479609,53.0,360
1009353,0.0,0.0,0.00623952,5.0,360
1009353,0.0,0.04797412,1.48719772,64.0,360
1009353,0.0,0.06164238829059829,0.9686661017094018,117.0,360
1009353,0.0,0.0,0.01263208,13.0,360
1009353,0.0,0.0,0.12479206,62.0,360
1009353,0.0,0.03507905723076923,0.012423832769230769,65.0,360
1009353,0.0,0.06971891307692307,0.836626956923077,130.0,360
1009354,0.0,0.0,7.553935,430.0,540
1009357,0.0,0.3883188238410596,1.6106405761589404,453.0,575
1009357,0.0,0.009028365714285714,0.006771274285714285,7.0,575
1009386,0.0,0.021573,0.0,50.0,220
1009386,0.0,0.525012,0.0,26.0,220
1009386,0.0,0.030223,0.0,4.0,220
1009386,0.0,0.492639,0.0,6.0,220
1009386,0.0,0.1108642,0.4434568,15.0,220
1009389,0.0,0.012451,0.0,5.0,575
1009390,0.01717875,0.0,0.01717875,3.0,430
1009390,0.0,0.630152,0.0,24.0,430
1009390,2.860302336283186,0.0,2.997681389380531,1109.0,430
1009390,0.07384865573770492,0.0,0.07384865573770492,63.0,430
1009390,0.37437219047619047,0.0,0.6083548095238095,52.0,430
1009390,0.0,7e-06,0.0,2.0,430
1009390,0.0,0.757791,0.0,36.0,430
1009390,0.2190214285714286,0.0,0.2190214285714286,33.0,430
1009391,0.0,0.02063038210526316,0.17535824789473686,27.0,430
1009391,0.07108147789473684,0.0,0.1116994652631579,19.0,430
1009391,0.01074653294117647,0.0,0.1397049282352941,14.0,430
1009391,0.0,0.0,0.02474866,2.0,430
1009391,0.0,0.0222759,0.0,1.0,430
1009391,0.0,0.011749899999999999,0.0,2.0,430
1009391,0.0,1.430942545,1.430942545,8.0,430
1009391,0.01703048296875,0.0,0.65283518046875,127.0,430
1009391,0.02479892,0.0,0.016532613333333335,26.0,430
1009391,0.0,0.00425854,0.0,2.0,430
1009391,0.0,0.13078878,0.043596260000000005,9.0,430
1009391,0.03143642272727273,0.0,0.037723707272727273,13.0,430
1009391,0.0,0.015288583333333335,0.03057716666666667,6.0,430
1009391,0.008192530588235294,0.0,0.024577591764705878,17.0,430
1009391,0.0,0.30926451,0.0,20.0,430
1009391,0.0,0.61377098,0.0,50.0,430
1009391,0.03725837032258065,0.0,0.2856475058064516,28.0,430
1009391,0.45481139294117645,0.0,0.37900949411764706,18.0,430
1009391,0.11287024799999999,0.0,0.075246832,10.0,430
1009391,0.025859086842105264,0.0,0.1654981557894737,35.0,430
1009391,0.5469299088,0.0,1.1850148024000002,39.0,430
1009391,0.0,0.0,0.12832178,19.0,430
1009434,0.2470261481935484,0.0,0.2470261481935484,21.0,430
1009434,2.4613850410971434,0.0,2.4264717781028575,301.0,430
1009434,0.06159525859047619,0.0,0.12319051718095238,34.0,430
1009434,0.01392173027,0.0,0.0,4.0,430
1009434,4.339417546847826,0.0,5.413087867717391,271.0,430
1009434,7.45334773150685,0.0,5.486492080136986,311.0,430
1009434,0.0,0.008423539443,0.0,3.0,430
1009434,6.418428540221401,0.0,6.1509940177121765,168.0,430
1009434,0.009907335,0.0,0.009907335,4.0,430
1009434,1.0482802455,0.0,0.7529900355,95.0,430
1009434,0.0759195668735294,0.0,0.010122608916470589,17.0,430
1009434,5.616575326101695,0.0,2.7581396690677966,130.0,430
1009434,1.4703147987698413,0.0,1.336649817063492,82.0,430
1009434,0.4024003323355705,0.0,0.6833213190604026,128.0,430
1009434,5.34336341940678,0.0,6.479354067627119,247.0,430
1009434,0.04651905342,0.0,0.09303810684,32.0,430
1009490,0.0,0.0,0.095577,10.0,220
1009490,0.0,0.0,0.191933,3.0,220
1009490,0.0,0.0,0.258917,3.0,220
1009490,0.0,0.0,0.33208,9.0,220
1009490,0.0,0.033953,0.0,2.0,220
1009490,0.0,0.0,0.118945,14.0,220
1009490,0.0,0.0,0.765463,19.0,220
1009490,0.0,0.0,0.14581,3.0,220
1009547,0.0,0.012388,0.0,8.0,360
1009547,0.0,0.01546725,0.00515575,12.0,360
1009547,0.0,0.01691294117647059,0.04059105882352941,34.0,360
1009547,0.0,0.004033,0.0,3.0,360
1009547,0.016608923076923077,0.0,0.04429046153846154,78.0,360
1009547,0.0,0.0471696,0.0707544,75.0,360
1009547,0.0,0.0,0.023141,15.0,360
1009547,0.0,0.005216,0.0,8.0,360
1009547,0.0,0.0048555,0.0048555,6.0,360
1009547,0.0,0.030283615384615385,0.05720238461538462,26.0,360
1009547,0.0,0.0,0.011872,6.0,360
1009547,0.0,0.0,0.007509,3.0,360
1009547,0.0,0.0,0.030072,7.0,360
1009582,0.0,0.19395905,0.0,7.0,745
1009584,0.0,0.0,0.004434,2.0,260
1009584,0.0,0.0,0.012396,10.0,260
1009584,0.0,0.0,0.067931,15.0,260
1009584,0.0,0.0,0.186575,42.0,260
1009584,0.0,0.0,0.047094,21.0,260
1009588,0.0,0.186655,0.0,15.0,220
1009588,0.0,0.051224,0.0,12.0,220
1009588,0.0,0.9357044444444444,0.32749655555555557,108.0,220
1009588,0.0,0.01912542857142857,0.0031875714285714285,7.0,220
1009595,0.0,0.0,0.528382,255.0,395
1009595,0.0,0.0,9.673118,378.0,395
1009595,0.0,0.0,3.516779,164.0,395
1009607,0.0,0.0,0.002461586667,2.0,395
1009607,0.0,0.0,0.12544765330000002,48.0,395
1009607,0.0,0.0,0.0034244099999999997,5.0,395
1009607,0.0,0.0,0.003966486667,2.0,395
1009607,0.0,0.0,0.5762486793,184.0,395
1009607,0.0,0.0,0.29916675,62.0,395
1009624,0.0,0.0,0.008832,2.0,220
1009625,0.0,0.0,7.37106164,968.0,395
1009625,0.0,0.0,7.46694379,1236.0,395
1009625,0.0,0.0,0.08798655999999999,48.0,395
1009625,0.0,0.0,0.1649864,52.0,395
1009625,0.0,0.0,2.13793756,624.0,395
1009674,10.248290307692308,0.0,9.686740153846154,150.0,430
1009674,1.004975768292683,0.0,1.556091512195122,51.0,430
1009674,2.4517442205882354,0.0,2.4517442205882354,38.0,430
1009674,0.0,0.0,0.0230335,2.0,430
1009683,0.0,0.0,0.007145,6.0,220
1009686,0.0,0.008466790909090909,0.08466790909090909,22.0,230
1009686,0.0,0.0,0.004701,2.0,230
1009686,0.0,0.0,0.04295,7.0,230
1009691,0.0,0.0,2.00050371,35.0,430
1009691,0.0,0.9627828160046729,7.2786380889953275,214.0,430
1009706,0.0,0.0,0.6785149399999999,23.0,220
1009706,0.16028989102941174,0.0,0.6781495389705884,55.0,220
1009706,0.0,0.0,0.02999667,2.0,220
1009707,3.475677623762376,0.0,6.8460316831683174,204.0,430
1009707,0.6779019047619047,0.0,1.4720155646258504,112.0,430
1009707,8.101667320158102,0.0,6.488199675889328,270.0,430
1009707,0.7660698415841584,0.0,0.9071879702970297,63.0,430
1009707,2.031552370967742,0.0,4.063104741935484,135.0,430
1009707,0.0,0.008266,0.024798,12.0,430
1009707,1.3399504587155961,0.0,1.3982091743119265,126.0,430
1009707,0.0,0.001677,0.0,3.0,430
1009707,4.788371217291507,0.0,14.966164432287682,1068.0,430
1009707,0.1195716,0.0,0.156937725,24.0,430
1009707,3.2684164690553748,0.0,4.9026247035830615,864.0,430
1009707,3.5283296,0.0,4.510648636363637,264.0,430
1009707,0.15139462068965515,0.0,0.8894433965517242,150.0,430
1009707,0.46557,0.0,0.8147475,48.0,430
1009707,1.84800609613984,0.0,6.967195396941006,1199.0,430
1009720,0.0,0.0,0.027328,8.0,220
1009720,0.1146516,0.1719774,0.0,5.0,220
1009720,0.0,0.44116,0.0,11.0,220
1009720,0.0,0.00990192,0.11387208,25.0,220
1009720,0.0,0.0,0.434622,26.0,220
1009728,0.0,0.0,0.0664920252,46.0,220
1009728,0.0,0.0,0.29306915159999997,83.0,220
1009728,0.0,0.0,0.023680734359999997,6.0,220
1009731,0.0,0.0,2.681869791,316.0,540
1009731,0.0,0.0,0.0009494395368,2.0,540
1009762,0.0,0.45269649,0.0,84.0,395
1009762,0.0,0.14246127808510636,0.013252211914893616,47.0,395
1009783,0.0,0.0,0.006867,2.0,220
1009783,0.0,0.0,0.039444,5.0,220
1009783,0.0,0.0,0.010488,2.0,220
1009783,0.0,0.178666,0.0,13.0,220
1009783,0.0,0.004594,0.0,2.0,220
1009783,0.0,0.007389,0.0,4.0,220
1009783,0.0,0.005908,0.0,2.0,220
1009783,0.0,0.010326,0.0,3.0,220
1009811,0.0,0.009607899999999999,0.0,4.0,260
1009811,0.0,0.046488,0.0,16.0,260
1009811,0.11586088,0.17379132,0.0,20.0,260
1009813,0.0,0.160746,0.0,12.0,430
1009813,0.0,0.004178,0.0,2.0,430
1009813,0.0,0.060215,0.0,9.0,430
1009813,0.0,0.006502,0.0,4.0,430
1009830,0.0,0.0,0.053215019999999995,18.0,515
1009830,0.0,0.0,0.01374037,4.0,515
1009830,0.0,0.0,1.26100814,186.0,515
1009837,0.0,0.011173,0.0,3.0,220
1009837,0.0,0.063917,0.0,16.0,220
1009845,0.0,0.0,0.009033020000000001,4.0,360
1009845,0.0,0.021434099999999998,0.0,6.0,360
1009845,0.0,2.19356e-05,0.0,6.0,360
1009845,0.0,0.0,1.3967000000000001e-06,4.0,360
1009846,0.0,0.24287314477636363,0.44215367382363635,110.0,430
1009846,0.0,0.14290464264199998,0.548569434658,150.0,430
1009846,0.0,0.0,0.0770380051,6.0,430
1009846,0.0,0.0,0.5035564421,37.0,430
1009846,0.0,0.0,0.0224107398,12.0,430
1009846,0.0,0.0,0.6469354715,4.0,430
1009846,0.0,0.0,1.206549161,68.0,430
1009846,0.0,0.0,0.8405537753,8.0,430
1009848,0.30163,0.0,0.180978,24.0,220
1009848,0.0,0.006175,0.0,4.0,220
1009848,0.0,0.004285,0.0,2.0,220
1009848,0.0,0.0,0.050172,3.0,220
1009848,0.019215,0.0,0.0,9.0,220
1009848,0.13318266666666664,0.0,0.06659133333333332,66.0,220
1009848,0.0246516,0.0,0.06573760000000001,25.0,220
1009848,0.0,0.0,0.067071,5.0,220
1009848,0.033962217391304346,0.0,0.2037733043478261,23.0,220
1009862,0.0,0.047245,0.0,18.0,220
1009885,0.5156040151515151,0.0,6.2903689848484845,264.0,430
1009890,0.0,0.005295810000000001,0.0,2.0,230
1009907,0.0,0.0,0.009160610000000001,3.0,260
1009907,0.0,0.004061159999999999,0.0,6.0,260
1009956,3.0482409500000003,0.0,0.0,31.0,585
1009967,0.0,0.0041030699999999995,0.0,3.0,160
1009967,0.0,0.00567562,0.0,3.0,160
1009967,0.0,0.0037156,0.0,3.0,160
1009967,0.0,0.0047086,0.0,3.0,160
1009967,0.0,0.00586501,0.0,3.0,160
1010002,0.0,0.018118,0.0,8.0,395
1010002,0.0,0.01630629885057471,0.11266170114942528,87.0,395
1010002,0.0,0.012511176470588236,0.41286882352941173,136.0,395
1010002,0.0,0.01298,0.0,8.0,395
1010002,0.0,0.0,0.039821,6.0,395
1010002,0.0,0.0,0.002072,5.0,395
1010002,0.0,0.04997551690821256,0.34790648309178746,207.0,395
1010002,0.0,0.0,0.0,5.0,395
1010002,0.0,0.015067759398496241,0.15193324060150376,133.0,395
1010002,0.0,0.004674,0.0,5.0,395
1010117,0.028445,0.0,0.0,3.0,305
1010117,0.021078,0.0,0.0,4.0,305
1010164,0.0,0.018588,0.0,6.0,220
1010164,0.0,0.032640582142857144,0.05875304785714286,42.0,220
1010164,0.0,0.00801,0.0,3.0,220
1010164,0.0,0.006235,0.0,3.0,220
1010164,0.0,0.003969,0.0,3.0,220
1010164,0.0,0.008241,0.0,3.0,220
1010164,0.0,0.0,0.05834945,3.0,220
1010164,0.0,0.003667,0.0,3.0,220
1010164,0.0,0.008285,0.0,3.0,220
1010164,0.0,0.011572,0.0,3.0,220
1010164,0.0,0.005561,0.0,3.0,220
1010164,0.0,0.007995,0.0,3.0,220
1010164,0.0,0.005266,0.0,3.0,220
1010183,0.0,0.0,0.32741193339999997,63.0,160
1010183,0.0,0.0,0.7025456479,84.0,160
1010183,0.7691378500645162,0.0,2.2112713189354842,92.0,160
1010190,0.0,0.0,0.107326,85.0,395
1010190,0.0,0.0,0.099652,42.0,395
1010190,0.0,0.0,0.421541,169.0,395
1010190,0.0,0.0,1.045311,79.0,395
1010190,0.0,0.0,0.25008,81.0,395
1010190,0.0,0.0,0.188595,29.0,395
1010190,0.0,0.0,7.454235,504.0,395
1010190,0.0,0.0,1.719374,609.0,395
1010190,0.0,0.0,0.004097,3.0,395
1010190,0.0,0.0,0.206732,27.0,395
1010190,0.0,0.0,0.025119,8.0,395
1010222,0.0,0.0,0.06602969,1.0,220
1010222,0.0,0.01968884,0.0,3.0,220
1010222,0.0,0.033974199999999996,0.0,4.0,220
1010222,0.0,0.01332343,0.0,2.0,220
1010222,0.0,0.00385195,0.0,1.0,220
1010222,0.0,0.00793317,0.0,1.0,220
1010222,0.0,0.01351381,0.0,2.0,220
1010222,0.0,0.0,0.13103466,4.0,220
1010222,0.0,0.0,0.0302,4.0,220
1010222,0.0,0.00667806,0.0,2.0,220
1010222,0.0,0.00488767,0.0,2.0,220
1010222,0.0,0.0,0.02193887,29.0,220
1010222,0.0,0.0,0.004877986,5.0,220
1010222,0.0,0.0,0.22937897,3.0,220
1010222,0.0,0.01079388888888889,0.00863511111111111,4.0,220
1010222,0.0,0.00451533,0.0,2.0,220
1010222,0.0,0.0584835,0.0584835,2.0,220
1010222,0.0,0.0,0.01447794,2.0,220
1010222,0.0,0.65618647,0.0,14.0,220
1010222,0.0,0.0,0.020059,1.0,220
1010222,0.0,0.006036779999999999,0.0,3.0,220
1010222,0.0,0.0,0.025595,2.0,220
1010222,0.0,0.0,0.04294128,2.0,220
1010222,0.0,0.038244,0.0,3.0,220
1010222,0.0,0.03598,0.0,5.0,220
1010222,0.0,0.00406191,0.0,1.0,220
1010222,0.0,0.0,0.029831,3.0,220
1010222,0.0,0.0,0.01206099,8.0,220
1010222,0.0,0.0,0.277605,2.0,220
1010222,0.0,0.005985270000000001,0.0,1.0,220
1010222,0.0,0.024058125,0.040096875,10.0,220
1010222,0.0,0.03248286,0.0,4.0,220
1010222,0.0,0.0,0.280352,2.0,220
1010222,0.0,0.09926,0.0,7.0,220
1010222,0.0,0.0,0.08010458000000001,11.0,220
1010222,0.0,0.0,0.0060472,2.0,220
1010222,0.0,0.0,0.05407,13.0,220
1010222,0.0,0.0,0.018802,13.0,220
1010222,0.0,0.00389195,0.0,1.0,220
1010222,0.0,0.0,0.05204295,4.0,220
1010233,0.0,0.00430265,0.0,1.0,160
1010233,0.0,0.0,0.06295159,2.0,160
1010233,0.0,0.0,0.03660882,2.0,160
1010233,0.0,0.0,0.0684389,3.0,160
1010233,0.0,0.0,0.01737411,2.0,160
1010233,0.0,0.0,0.013902639999999999,2.0,160
1010291,0.0,0.006182,0.0,2.0,305
1010291,0.0,0.010030666666666667,0.020061333333333334,12.0,305
1010294,0.0,0.0345177645317647,0.007396663828235294,17.0,430
1010294,0.0,0.00890868662,0.0,8.0,430
1010294,0.0,0.17063511123999997,0.01483783576,75.0,430
1010318,0.0,0.054051,0.0,52.0,230
1010318,0.0,0.457986,0.0,439.0,230
1010319,0.0,0.012773399999999999,0.0,5.0,507
1010320,0.0,0.019126,0.0,3.0,305
1010320,0.0,0.0,0.0,2.0,305
1010325,0.0,0.026875771293785315,0.5327726427062147,354.0,395
1010325,1.9052275326860841,0.0,9.852748097605177,927.0,395
1010325,0.03887315807692308,0.0,3.9728367554615382,520.0,395
1010325,0.0,0.00934961094694534,0.5721961899530547,311.0,395
1010325,0.0,0.13368501519108278,4.064024461808917,785.0,395
1010325,0.0,0.04219384739074074,0.13307290330925928,54.0,395
1010372,0.487725379862069,0.0,1.2193134496551725,68.0,430
1010372,0.0,0.0,0.01297545082,2.0,430
1010372,0.0,0.021462667150649352,0.8048500181493506,77.0,430
1010397,0.0,0.0,0.058806332260000004,9.0,535
1010397,0.037967071155,0.0,0.037967071155,8.0,535
1010485,0.0,0.00448098,0.0,4.0,360
1010485,0.0,0.012772,0.0,5.0,360
1010485,0.03717521052631579,0.0,0.042894473684210524,76.0,360
1010505,0.0,0.0,2.132636311,111.0,395
1010505,0.0,0.0,1.829056636,195.0,395
1010521,0.0,0.0,4.87635101,231.0,395
1010588,0.0,0.0,0.02033849,8.0,430
1010588,0.0,0.0,1.859e-05,9.0,430
1010588,0.0,0.0,0.11603182000000001,33.0,430
1010588,0.0,0.0,0.74463926,140.0,430
1010588,0.0,0.0,0.0,2.0,430
1010588,0.0,0.0,0.33809114,90.0,430
1010588,0.0,0.0,0.851542257,125.0,430
1010588,0.0,0.0,0.10818758,19.0,430
1010673,0.0,0.003975,0.0,2.0,585
1010701,0.0,0.4972248540772532,0.01426914592274678,466.0,360
1010701,0.0,0.19275215217391306,0.04851584782608696,184.0,360
1010701,0.0,0.011299,0.0,10.0,360
1010701,0.0,0.005822,0.0,5.0,360
1010707,0.530684,0.0,0.0,15.0,745
1010718,0.0,0.0,0.15055560140000002,85.0,160
1010721,0.04524444210526316,0.0,3.8231553578947364,171.0,160
1010721,0.0,0.0,0.03787996,6.0,160
1010721,0.041784062222222224,0.0,2.966668417777778,144.0,160
1010721,0.0,0.0,0.04483947,3.0,160
1010721,0.0,0.0,0.15192035,30.0,160
1010721,0.0,0.0,0.15899438000000002,11.0,160
1010721,0.04700737818181818,0.0,0.3408034918181818,29.0,160
1010738,0.700659,0.0,0.0,4.0,750
1010784,0.0,0.0,0.21572327,21.0,430
1010784,0.0,0.02220716,0.0,6.0,430
1010837,0.0,0.0,0.20249656,26.0,220
1010837,0.0,0.0,0.016024129999999998,6.0,220
1010837,0.0,0.0,0.09151425,4.0,220
1010837,0.0,0.0,0.00568834,5.0,220
1010837,0.0,0.0,0.02619743,8.0,220
1010837,0.0,0.0,0.51904031,41.0,220
1010839,0.0,0.021111,0.0,4.0,260
1010839,0.0,0.00426,0.0,6.0,260
1010839,0.0,0.009448,0.0,9.0,260
1010932,3.447238375,0.492462625,0.0,400.0,745
1010943,0.0,0.021148828888888888,0.2643603611111111,27.0,220
1010943,0.0,0.0,0.009648764710999999,13.0,220
1010943,0.0,0.39330127465,0.39330127465,18.0,220
1010943,0.0,0.0,0.00011085,1.0,220
1010943,0.0,1.1e-07,0.0,1.0,220
1010945,0.0,0.0,0.036699764069999995,30.0,220
1010945,0.0,0.010156196167500001,0.3960916505325,160.0,220
1010945,0.0,0.0,0.19980856760000001,43.0,220
1010945,0.0,0.0,0.02800527,13.0,220
1011081,0.0464296,0.0,0.0,5.0,745
1011185,0.14734667942583732,0.0,0.8150113205741626,209.0,395
1011191,0.12572673569098713,0.0,1.6496871683090129,433.0,350
1011191,0.046798254089285715,0.0,0.7238129965809524,237.0,350
1011191,0.008841788308387097,0.0,0.041998494464838707,27.0,350
1011191,0.0,0.0,0.03508771856,15.0,350
1011191,0.07428953089459459,0.0,0.16921504259324324,56.0,350
1011191,0.036826547389610394,0.0,0.1728014915974026,64.0,350
1011191,0.04139010878518518,0.0,0.18108172593518518,46.0,350
1011223,0.0,0.029618360379999997,0.0,1.0,220
1011223,0.0,0.0,0.01430858176,2.0,220
1011223,0.0,0.0,0.02050621985,6.0,220
1011223,0.0,0.004415706011999999,0.0,2.0,220
1011223,0.0,0.01227183636,0.0,2.0,220
1011223,0.0,0.12149487888,0.18224231831999999,130.0,220
1011223,0.0,0.03127709252,0.0,2.0,220
1011226,1.5462494444444446,1.0097955555555556,0.0,81.0,0
1011250,0.0,0.0,0.931292,646.0,395
1011318,0.0,0.0,0.03722,15.0,515
1011318,0.0,0.0,2.134108,414.0,515
1011387,0.9683502155294117,0.0,1.1421566644705883,138.0,540
1011387,0.342352325,0.0,0.342352325,46.0,540
1011393,0.0,0.0,0.18251824660000002,8.0,160
1011393,0.0,0.0,6.432653221,124.0,160
1011450,0.0,0.787153348,0.787153348,261.0,535
1011454,0.0,0.0,1.335781936,54.0,160
1011454,0.0,0.0,0.35811151040000005,11.0,160
1011463,0.0,0.0,0.001559,4.0,395
1011463,0.0,0.0,0.000112,2.0,395
1011463,0.0,0.0,0.869403,94.0,395
1011498,0.029486,0.0,0.0,5.0,430
1011498,0.0,0.021909,0.0,4.0,430
1011498,0.0,0.120968,0.0,11.0,430
1011498,0.053534,0.0,0.0,4.0,430
1011498,0.210297,0.0,0.0,4.0,430
1011498,0.0,0.010596,0.0,2.0,430
1011498,0.0,0.3847541914893617,0.1985828085106383,47.0,430
1011498,1.4496027586206897,0.6523212413793104,0.0,29.0,430
1011498,0.0,0.009446,0.0,2.0,430
1011498,0.0,0.016761,0.0,1.0,430
1011498,0.0,0.024763,0.0,4.0,430
1011498,0.0,0.024818,0.0,3.0,430
1011498,1.2702087096774195,0.6048612903225806,0.0,62.0,430
1011498,0.0,0.02160622222222222,0.027007777777777776,9.0,430
1011498,0.0,0.022095,0.0,5.0,430
1011498,0.01210975,0.03632925,0.0,8.0,430
1011519,0.0,0.180585,0.0,52.0,430
1011519,0.0,0.01284772,0.0,6.0,430
1011519,0.0,0.03872011,0.0,6.0,430
1011531,0.0,0.022856923076923077,0.27428307692307696,26.0,220
1011531,0.0,0.0,1.241809,92.0,220
1011531,0.0,0.355538789346247,4.539045210653753,403.0,220
1011534,0.25565513035,0.0,0.25565513035,14.0,220
1011534,0.0,0.0,0.014250143690000001,9.0,220
1011534,0.0,0.004757320103,0.0,2.0,220
1011534,0.021779433599999995,0.0,0.04355886719999999,10.0,220
1011534,0.0,0.004273314986000001,0.0,4.0,220
1011534,0.048696961717567565,0.0,0.14096488918243244,55.0,220
1011555,0.00720192428,0.0,0.00720192428,4.0,430
1011555,1.782795620931818,0.0,2.0436925410681814,47.0,430
1011555,0.7912458577454545,0.0,0.8509625262545455,57.0,430
1011555,0.8708951187540984,0.0,1.0264121042459016,33.0,430
1011555,0.8433465926923075,0.0,1.349354548307692,64.0,430
1011555,2.9560259729508194,0.0,3.72240307704918,34.0,430
1011555,1.382503077798165,0.0,2.042334092201835,65.0,430
1011555,0.29926495033333333,0.0,0.5985299006666667,8.0,430
1011555,0.2519422405228261,0.0,0.5125721445119565,63.0,430
1011555,1.4989609312820513,0.0,6.638255552820513,66.0,430
1011555,0.46046489454545453,0.0,0.5525578734545455,12.0,430
1011652,0.0,0.0042505,0.0,2.0,220
1011652,0.0,0.08188108999999999,0.0,19.0,220
1011652,0.0,0.008541,0.0,2.0,220
1011652,0.0,0.06389074,0.0,11.0,220
1011652,0.0,0.008065,0.0,1.0,220
1011652,0.0,0.01875936,0.0,5.0,220
1011654,0.0,0.000815,0.0,46.0,535
1011654,0.0,0.018880723404255322,0.0014412765957446808,141.0,535
1011659,0.0,0.02425212412,0.01039376748,7.0,430
1011659,0.0,0.0081254016,0.0,112.0,430
1011659,0.0,0.0003966132,0.0,2.0,430
1011659,4.7140804726453895,0.0,6.817758077702128,966.0,430
1011659,0.0,0.005416504799999999,0.0,12.0,430
1011659,0.4747911084545454,0.0,0.5064438490181817,78.0,430
1011659,0.0,0.030733977859,0.016549065001000004,26.0,430
1011659,0.0,4.360000000000001e-06,0.0,2.0,430
1011659,0.0,0.002980301733333333,0.0014901508666666666,4.0,430
1011659,0.0,0.0004719723,0.0,2.0,430
1011659,0.0,0.0276573328,0.0,20.0,430
1011659,0.0,7.92585e-05,0.0,6.0,430
1011659,0.2837570322857143,0.0,0.2837570322857143,192.0,430
1011659,0.0,0.0020010249,0.0,14.0,430
1011659,0.0,0.014705203299999999,0.0,7.0,430
1011659,0.0,0.0003789304,0.0,2.0,430
1011659,0.0,0.03968159287,0.0,130.0,430
1011659,0.13141909401983,0.0,0.13141909401983,668.0,430
1011659,0.0,0.03940730672,0.0,60.0,430
1011659,3.127437875886525,0.0,3.9530814751205674,1093.0,430
1011659,0.0,0.03165869469416666,0.008331235445833333,19.0,430
1011659,0.0,0.0023212213,0.0,8.0,430
1011659,0.0,0.0051724441,0.0,8.0,430
1011659,0.0,0.002615344191,0.0,12.0,430
1011659,0.0,0.009861838502,0.0,50.0,430
1011659,0.0,0.0015196536000000001,0.0,2.0,430
1011659,0.0,0.000374675825,0.0,6.0,430
1011659,0.0,0.0282813946,0.0,36.0,430
1011659,0.0,0.026744682359999997,0.0,60.0,430
1011659,0.42520930987962957,0.0,0.46476366428703697,169.0,430
1011659,0.0,1.7522999999999998e-05,0.0,8.0,430
1011659,0.0,0.008291169164999999,0.0,32.0,430
1011659,0.0,0.0008766314,0.0,2.0,430
1011659,0.0,0.0033126781,0.0,26.0,430
1011662,0.0,0.006791,0.0,4.0,430
1011662,0.0,0.003992,0.0,3.0,430
1011662,0.02406025,0.07218075,0.0,12.0,430
1011662,0.0,0.0667309,0.0,25.0,430
1011662,0.0,0.016684,0.0,5.0,430
1011662,0.0,0.00497,0.0,2.0,430
1011666,0.0,0.0,0.653316,90.0,360
1011666,0.0,0.013677,0.0,3.0,360
1011666,0.4227035,0.0,0.4227035,24.0,360
1011673,0.51784226,0.0,0.0,44.0,745
1011673,0.040719269999999995,0.0,0.0,15.0,745
1011673,0.11820839,0.0,0.0,3.0,745
1011689,0.0,0.0,0.041458,13.0,210
1011689,0.0,0.0,0.057345,22.0,210
1011690,3.7696650337837836,0.0,0.7867127027027028,148.0,430
1011690,7.863936900000001,0.0,2.1654318999999997,630.0,430
1011690,0.041394,0.0,0.0,12.0,430
1011690,1.2506279333333334,0.0,0.4115990666666666,105.0,430
1011702,0.0,0.0,0.09529420895,6.0,0
1011706,0.10295674074074075,0.0,0.24452225925925927,19.0,160
1011735,1.0194270664526486,0.0,1.8938897335473515,405.0,430
1011735,0.0,0.0,2.1856659,60.0,430
1011752,0.0,0.0,0.083332,32.0,360
1011761,0.0,0.0,0.8559665,26.0,540
1011761,0.0,0.0,0.651356,17.0,540
1011761,0.0,0.0,14.1486284,466.0,540
1011765,0.0,0.0101303,0.0,2.0,420
1011765,0.0,0.0046151000000000005,0.0,2.0,420
1011773,0.0,0.0,0.00423722,2.0,220
1011773,0.0,0.0,0.09882427,16.0,220
1011773,0.08041320769230768,0.0,0.1286611323076923,104.0,220
1011773,0.0,0.2029169804964539,0.9415347895035462,141.0,220
1011804,0.0,0.058417,0.0,4.0,740
1011847,0.08713578947368421,0.0,0.1887942105263158,13.0,220
1011854,0.0,0.1245680701754386,0.0486119298245614,57.0,360
1011854,0.0,0.0700859204,0.032981609599999996,25.0,360
1011854,0.0,0.03269528181818182,0.018683018181818185,22.0,360
1011854,0.0,0.06688,0.040128,45.0,360
1011854,0.0,0.0080061,0.0,10.0,360
1011854,0.0,0.0596285,0.0,37.0,360
1011854,0.0,1.215413069620253,0.7643319303797468,107.0,360
1011854,0.0,0.41954337816326537,0.0398449018367347,242.0,360
1011854,0.0,0.27209462784810123,0.018384772151898734,158.0,360
1011854,0.0,0.20646489220183487,0.09359741779816513,109.0,360
1011873,0.0,0.0,2.98460832,817.0,395
1011873,0.0,0.0,0.74428785,114.0,395
1011873,0.0,0.0,0.76573852,209.0,395
1011873,0.0,0.0,0.29515862,55.0,395
1011923,0.0,0.04562104217419354,0.42579639362580646,36.0,395
1011923,0.0,0.0,0.01636463599,5.0,395
1011923,0.0,0.018341387162068963,0.158958688737931,58.0,395
1011923,0.0,0.03653557758571429,0.47496250861428574,124.0,395
1011923,0.0,0.0,0.03709177835,11.0,395
1011923,0.0,0.0,0.02152815489,4.0,395
1011923,0.0,0.03998501692592592,0.17593407447407408,42.0,395
1011923,0.0,0.0,0.08846189687,12.0,395
1011923,0.0,0.0,0.00685332776,2.0,395
1011923,0.0,0.0,0.03620178667,3.0,395
1011923,0.0,0.0,0.03116832776,10.0,395
1011962,0.0,0.0,0.127226,27.0,305
1011995,0.0,0.0,0.00704992,10.0,160
1011995,0.0,0.0,0.061186779999999996,17.0,160
1011998,0.0,0.0,0.007034,6.0,230
1011998,0.0,0.0,0.017163,4.0,230
1011998,0.0,0.00649788,0.15594912,125.0,230
1012014,0.0,0.095498,0.0,2.0,420
1012021,0.0,0.0,0.893577,51.0,395
1012021,0.0,0.0,0.174337,78.0,395
1012021,0.0,0.0,0.360814,23.0,395
1012021,0.0,0.0,0.01298,8.0,395
1012024,0.0,0.0,0.1533901263,56.0,360
1012024,0.0,0.0,0.004307211573,2.0,360
1012024,0.0,0.0,0.07508580146,20.0,360
1012024,0.0,0.0,0.6694025174999999,188.0,360
1012024,0.0,0.0,0.012655762880000001,4.0,360
1012040,0.0,0.16183195,0.0,8.0,260
1012048,0.0,0.0,0.144105,24.0,395
1012059,0.0,0.0,0.030641,32.0,395
1012059,0.07098657142857144,0.0,0.17746642857142858,10.0,395
1012060,0.0,0.12257053999999999,0.030642634999999998,2.0,230
1012060,0.0,0.0059898805309999996,0.0,2.0,230
1012068,3.316526768056872,0.0,5.262587929478673,391.0,430
1012068,1.7291280594285714,0.0,2.0533395705714286,114.0,430
1012068,2.8446439177915193,0.0,4.55959671033569,357.0,430
1012070,0.0,0.0046258900000000006,0.0,4.0,355
1012070,0.0,0.014028,0.0,12.0,355
1012077,0.0,0.0,0.05422865021,37.0,545
1012077,0.0,0.0,0.0675546841,54.0,545
1012100,0.0,0.0,0.32681601,45.0,395
1012100,0.0,0.0,0.21206551,66.0,395
1012100,0.0,0.020982020714285714,0.032426759285714285,28.0,395
1012100,0.0,0.0,0.0071128,3.0,395
1012129,0.0,0.0,0.01788864162,8.0,430
1012129,0.0,0.0,1.7950442180000001,177.0,430
1012129,0.0,0.0042469094575,0.0127407283725,9.0,430
1012129,0.0,0.00846316074,0.0,3.0,430
1012129,0.0,0.07067781163636364,0.6095961253636364,69.0,430
1012129,0.0,0.09714806122844827,3.122616253771552,450.0,430
1012129,0.0,0.04694868294,0.0,12.0,430
1012129,0.0,0.0,0.020294414519999998,9.0,430
1012129,0.0,0.0087947055,0.0,3.0,430
1012135,11.744837612500001,35.234512837500006,0.0,8.0,0
1012145,0.0259742,0.0,0.1038968,15.0,0
1012156,0.0,0.0,0.044424,4.0,0
1012157,0.0,0.0,0.30285181,31.0,0
1012157,0.0,0.0,0.03440343,2.0,0
1012157,0.04901595764705882,0.0,0.7842553223529412,64.0,0
1012157,0.208679116,0.0,0.0,6.0,0
1012157,0.09975186285714285,0.0,0.7730769371428571,31.0,0
1012184,0.0,0.03206112871,0.0,7.0,0
1012186,0.0,0.0,0.004969,3.0,0
1012186,0.0,0.0,0.019122,10.0,0
1012189,0.0,0.0,0.005353,2.0,0
1012193,0.0,0.1766704977,0.0,25.0,0
1012193,0.01617243028235294,0.12129322711764706,0.0,17.0,0
1012194,0.0,0.0,0.25284,31.0,0
1012198,10.49370808,0.0,5.24685404,4.0,0
1012201,0.0,0.0,0.03506554762,3.0,0
1012201,0.0,0.0,0.055550714290000004,4.0,0
1012201,0.0,0.027307523809999998,0.0,3.0,0
1012201,0.0,0.07240547619,0.0,3.0,0
1012201,0.0,0.01394709524,0.0,1.0,0
1012201,0.0,0.028885880949999998,0.0,1.0,0
1012201,0.0,0.027307523809999998,0.0,1.0,0
1012201,0.0,0.0,0.03506554762,1.0,0
1012201,0.0,0.01394709524,0.0,2.0,0
1012201,0.0,0.0,0.055550714290000004,1.0,0
1012201,0.0,0.028885880949999998,0.0,2.0,0
1012201,0.07240547619,0.0,0.0,1.0,0
1012204,0.01840066,0.0,0.0,2.0,0
1012204,0.00380348,0.0,0.0,2.0,0
1012204,0.0,0.006061872,0.0,1.0,0
1012204,0.0057855,0.0,0.0,2.0,0
1012204,0.0,0.006121245,0.0,2.0,0
1012204,0.0,0.005032584,0.0,1.0,0
1012204,0.00390398,0.0,0.0,2.0,0
1012204,0.0,0.0085241,0.0,2.0,0
1012204,0.009196831,0.0,0.0,4.0,0
1012204,0.01151133,0.0,0.0,3.0,0
1012204,0.0,0.23752136999999998,0.0,4.0,0
1012204,0.0,0.006223599,0.0,3.0,0
1012204,0.009606327,0.0,0.0,2.0,0
1012204,0.034068326,0.0,0.0,2.0,0
1012204,0.0,0.011451402,0.0,1.0,0
1012204,0.0,0.005171846999999999,0.0,2.0,0
1012204,0.007221397,0.0,0.0,2.0,0
1012204,0.014861991,0.0,0.0,2.0,0
1012204,0.0,0.027405448,0.0,2.0,0
1012204,0.0145378,0.0,0.0,2.0,0
1012204,0.0,0.01051004,0.0,2.0,0
1012204,0.0,0.006739759,0.0,1.0,0
1012204,0.0063782349999999995,0.0063782349999999995,0.0,2.0,0
1012204,0.0,0.0046744709999999995,0.0,2.0,0
1012204,0.003686,0.0,0.0,2.0,0
1012204,0.0076485699999999995,0.0,0.0,2.0,0
1012205,0.0,0.01704909090909091,0.029835909090909093,11.0,0
1012205,0.0,0.005365,0.0,2.0,0
1012205,0.0,0.012579,0.0,2.0,0
1012207,0.00909237,0.0,0.0,3.0,0
1012207,0.0045828299999999995,0.0,0.0,3.0,0
1012207,0.00668113,0.0,0.0,2.0,0
1012207,0.02478671,0.0,0.0,2.0,0
1012207,0.007082666666666667,0.0035413333333333334,0.0,3.0,0
1012207,0.0,0.0045297,0.0,2.0,0
1012207,0.0,0.008762,0.0,6.0,0
1012207,0.0,0.00780783,0.0,2.0,0
1012207,0.0,0.00951049,0.0,2.0,0
1012207,0.0,0.003942,0.0,1.0,0
1012207,0.0,0.009705620000000002,0.0,3.0,0
1012207,0.0,0.006564,0.0,4.0,0
1012207,0.013059732,0.0,0.0,4.0,0
1012207,0.0,0.00380045,0.0,2.0,0
1012208,0.0,0.00490852,0.0,2.0,0
1012208,0.0,0.00503904,0.0,2.0,0
1012208,0.0,0.0088725,0.0,3.0,0
1012209,0.0,0.01136318,0.0,2.0,0
1012213,0.0,0.4537856416666667,3.6302851333333335,9.0,0
1012213,0.0,0.0,0.00783374,1.0,0
1012213,0.0,0.0,11.19200749,10.0,0
1012213,0.0,0.0,0.00741961,1.0,0
1012213,0.0,0.0,0.022385,1.0,0
1012230,0.0,0.0,0.25609583799999996,4.0,0
1012230,0.39974257217073167,0.1289492168292683,0.0,41.0,0
1012230,0.6075366,0.0,0.6075366,11.0,0
1012230,1.4034497872592593,0.0,0.31896586074074074,22.0,0
1012230,0.6385850161428571,0.9869041158571429,0.0,28.0,0
1012230,0.0,0.0,0.012459870999999999,3.0,0
1012230,0.7506382655820896,0.0,0.26185055776119404,67.0,0
1012230,1.863572715,0.0,1.863572715,11.0,0
1012232,0.0,0.003682,0.0,2.0,0
1012233,0.0,0.0,0.004162,4.0,0
1012233,0.047068,0.0,0.0,2.0,0
1012233,0.043605,0.0,0.0,12.0,0
1012233,0.0,0.0,0.038017,15.0,0
1012233,0.0,0.0,0.004234,4.0,0
1012236,0.00485439,0.0,0.0,2.0,0
1012236,0.054001,0.0,0.0,6.0,0
1012236,0.05446314,0.0,0.0,8.0,0
1012236,0.0,0.0,0.052065,6.0,0
1012236,0.032069,0.0,0.0,4.0,0
1012236,0.060072,0.0,0.0,10.0,0
1012236,0.028983,0.0,0.0,14.0,0
1012240,0.0,0.00701576,0.0,4.0,0
1012240,0.00555151,0.0,0.0,3.0,0
1012240,0.0,0.006771437,0.0,3.0,0
1012240,0.0,0.004301149999999999,0.0,2.0,0
1012240,0.0,0.013818190000000001,0.0,2.0,0
1012240,0.0,0.00687355,0.0,3.0,0
1012240,0.0,0.01157095,0.0,2.0,0
1012240,0.0,0.01282699,0.0,2.0,0
1012240,0.0,0.01295065,0.0,4.0,0
1012240,0.0,0.00384339,0.0,2.0,0
1012240,0.0,0.005850060000000001,0.0,3.0,0
1012245,0.0,0.0,0.191144,5.0,0
1012245,0.009023142857142856,0.0,0.02255785714285714,14.0,0
1012245,0.0,0.0,0.025059,6.0,0
1012245,0.0,0.0,0.030639,10.0,0
1012248,0.0,0.0,0.00453474,2.0,0
1012251,0.0,0.0,0.8147680086,1.0,0
1012257,0.029281666666666668,0.0,0.0439225,8.0,0
1012257,0.0,0.1764585,0.1764585,20.0,0
1012272,9.235000177777776,0.0,1.154375022222222,18.0,0
1012301,0.4729534630000001,0.0,0.9459069260000001,20.0,0
1012301,0.598623808588889,0.0,2.570561060411111,73.0,0
1012301,0.3133611845,0.0,0.7472459014999999,62.0,0
1012301,0.0,0.0,0.42942207400000004,56.0,0
1012305,0.045255,0.0,0.0,3.0,0
1012305,3.724233,0.0,0.0,8.0,0
1012305,0.04047242105263158,0.05564957894736842,0.0,19.0,0
1012305,0.01443,0.0,0.0,6.0,0
1012305,2.881642871621622,4.872596128378378,0.0,148.0,0
1012305,19.079035,0.0,0.0,61.0,0
1012305,0.0,0.005564,0.0,1.0,0
1012305,0.13335046153846153,0.02424553846153846,0.0,7.0,0
1012305,0.0,0.006264,0.0,2.0,0
1012305,0.0495429,0.0,0.11560010000000001,10.0,0
1012305,5.183705611940298,0.0,1.0578991044776118,65.0,0
1012305,0.21296072727272727,0.0,0.05324018181818182,9.0,0
1012305,0.47078977777777775,1.6477642222222222,0.0,9.0,0
1012305,26.411861716981132,1.035759283018868,0.0,53.0,0
1012305,0.65995975,0.0,0.05351025,61.0,0
1012311,0.535105,0.0,0.0,4.0,0
1012311,0.01204,0.0,0.0,2.0,0
1012317,0.0,0.0,0.4821822683,102.0,0
1012321,0.0,0.0028579589999999998,0.0,2.0,0
1012321,3.516016808769231,1.5626741372307693,0.0,13.0,0
1012321,1.7035724838039215,4.979673414196078,0.0,204.0,0
1012321,15.213934041040462,31.233311648959535,0.0,519.0,0
1012321,0.0,0.010834965,0.0,5.0,0
1012321,3.538467842282609,4.808687067717391,0.0,184.0,0
1012321,10.253861616025642,12.59760141397436,0.0,156.0,0
1012321,0.0029525747142857143,0.05905149428571429,0.0,21.0,0
1012321,4.055241865346756,13.543720404653243,0.0,447.0,0
1012325,0.0,0.0,1.3599488700000002,46.0,0
1012325,0.0,0.0,2.15762738,21.0,0
1012325,0.0,0.0,0.54898654,14.0,0
1012332,0.004649,0.004649,0.0,2.0,0
1012353,0.0,0.3887867469230769,23.19760923307692,182.0,0
1012353,0.0,0.2695601160526316,9.973724293947368,114.0,0
1012353,0.0,0.0,0.8289716500000001,4.0,0
1012358,0.0,0.006150529333333334,0.2706232906666667,45.0,0
1012358,0.0,0.00957287,0.00957287,2.0,0
1012358,0.0,0.0,0.80984002,4.0,0
1012358,0.0,0.14571888,0.0,1.0,0
1012365,0.0,0.3234612557575757,1.0108164242424242,33.0,0
1012365,0.0,0.0,0.01379874,3.0,0
1012365,0.0,0.0,0.10464963000000001,7.0,0
1012365,0.0,0.0,0.45785132,5.0,0
1012376,0.0,0.0,5.360304631,37.0,430
1012377,0.00315,0.0,0.00315,5.0,0
1012377,0.002908,0.0,0.002908,6.0,0
1012378,3.5453769874999996,3.5453769874999996,0.0,78.0,0
1012387,0.0,0.00742917,0.0,2.0,0
1012388,0.01000271,0.0,0.0,5.0,0
1012388,0.0,0.00436259,0.0,2.0,0
1012388,0.0,0.05434127,0.0,15.0,0
1012388,0.0,0.020606330000000003,0.0,2.0,0
1012388,0.0,0.0018761099999999998,0.0,3.0,0
1012388,0.0,0.019576,0.0,6.0,0
1012388,0.0,0.0616914,0.0,26.0,0
1012388,0.0,0.010154110000000001,0.0,2.0,0
1012390,0.0,0.008766,0.0,3.0,0
1012390,0.0,0.025103979999999998,0.0,6.0,0
1012390,0.0,0.003771,0.0,2.0,0
1012390,0.0,0.07439473997,0.0,8.0,0
1012392,0.0,0.00467446,0.0,6.0,0
1012392,0.0,0.0,0.009934,3.0,0
1012392,0.07021376,0.0,0.00877672,9.0,0
1012392,0.0854244,0.0,0.0,6.0,0
1012392,3.232818635294117,0.0,0.2020511647058823,102.0,0
1012393,0.0,0.01603824,0.0,6.0,0
1012393,0.03851137600000001,0.057767064,0.0,5.0,0
1012393,0.0,0.00769,0.0,3.0,0
1012393,0.0,0.0,0.008776,5.0,0
1012432,0.0,0.028865590000000003,0.11546236000000001,15.0,0
1012437,0.0,0.1076149,0.0,16.0,360
1012437,0.0,0.07419817999999999,0.0,19.0,360
1012439,0.0,0.0,0.016234557,2.0,0
1012445,0.0,0.05472882,0.0,2.0,0
1012446,0.0,0.0106428,0.0,2.0,0
1012446,0.0,0.012543,0.0,2.0,0
1012449,0.0,0.0132248,0.0,3.0,430
1012449,0.0,0.7018568773584906,1.7780374226415092,53.0,430
1012449,0.0,0.7303383705882353,1.0433405294117648,68.0,430
1012449,0.0,0.13919279999999998,0.0,18.0,430
1012450,0.0090885,0.0,0.0,6.0,0
1012455,0.0,0.00564,0.0,4.0,0
1012457,0.0,0.005875183978,0.0,2.0,0
1012457,0.0,0.006155663157,0.0,3.0,0
1012457,0.0,0.01079570979,0.0,2.0,0
1012457,0.0,0.013676292349999999,0.0,2.0,0
1012457,0.0,0.009739778025,0.0,3.0,0
1012457,0.0,0.0038739764919999997,0.0,2.0,0
1012457,0.0,0.01705135775,0.0,3.0,0
1012457,0.0,0.005226480536,0.0,3.0,0
1012457,0.0,0.009832859154,0.0,1.0,0
1012457,0.0,0.009417738066,0.0,2.0,0
1012457,0.0,0.018490752029999998,0.0,1.0,0
1012457,0.0,0.006603992917,0.0,1.0,0
1012457,0.0,0.009239821142,0.0,2.0,0
1012457,0.0,0.007654754506,0.0,2.0,0
1012457,0.0,0.015157819900000001,0.0,3.0,0
1012457,0.0,0.009638607679,0.0,1.0,0
1012457,0.0,0.003826256368,0.0,2.0,0
1012461,0.0,0.015741,0.0,4.0,0
1012461,0.0,0.02855,0.0,12.0,0
1012461,0.0,0.00539,0.0,2.0,0
1012461,0.0,0.00521607,0.0,1.0,0
1012461,0.0,0.004493,0.0,2.0,0
1012461,0.0,0.0,0.025047720000000002,4.0,0
1012466,0.0,0.004224,0.0,1.0,0
1012466,0.0,0.006215,0.0,2.0,0
1012468,0.0,0.01345529411764706,0.00941870588235294,17.0,0
1012468,0.0,0.11046025,0.11046025,24.0,0
1012470,0.014298,0.0,0.0,2.0,0
1012470,0.005523,0.0,0.0,2.0,0
1012470,0.006634,0.006634,0.0,4.0,0
1012472,0.009594,0.006396,0.0,5.0,0
1012478,0.0,0.0,0.00398208,2.0,0
1012478,0.0,0.0,0.0013725,2.0,0
1012478,0.0,0.008621237647058824,0.040232442352941176,17.0,0
1012478,0.01106418,0.0,0.0,8.0,0
1012478,0.0058926000000000004,0.0,0.0,8.0,0
1012478,0.0,0.0,0.00137982,2.0,0
1012478,0.0,0.0,0.0022362600000000003,3.0,0
1012478,0.017604599999999998,0.0,0.0,16.0,0
1012478,0.0,0.0,0.0094611,2.0,0
1012479,0.0,0.0024801750000000003,0.022321575,10.0,0
1012482,0.06130962,0.0,0.0,6.0,0
1012484,0.0,0.02437835,0.0,5.0,0
1012484,0.0,0.21503738823529409,0.08959891176470589,30.0,0
1012486,0.0,0.0,0.057046650000000004,3.0,0
1012486,0.0,0.0,0.004821649999999999,4.0,0
1012487,0.0,0.01895514,0.0,3.0,0
1012487,0.0,0.0,0.00584868,2.0,0
1012487,0.0,0.0,0.012648959999999999,8.0,0
1012491,0.0,0.0,0.03705303,16.0,0
1012491,0.0,0.0,0.36191040999999996,26.0,0
1012491,0.0,0.0,0.01984267,12.0,0
1012495,0.013964,0.0,0.0,6.0,0
1012495,0.018998666666666667,0.009499333333333334,0.0,6.0,0
1012495,0.005779,0.0,0.0,2.0,0
1012496,0.0,0.0,0.249149,24.0,0
1012496,0.0,0.0,0.0060882,4.0,0
1012496,0.0,0.0,0.00629625,4.0,0
1012496,0.0,0.0,0.0368796,21.0,0
1012496,0.0,0.0,0.02538575,8.0,0
1012497,0.0,0.0,0.022731,2.0,0
1012498,0.0,0.0,0.004639,4.0,0
1012498,0.0,0.0,0.005646,3.0,0
1012500,0.03525,0.0,0.0705,15.0,0
1012500,0.0,0.0,0.07751,6.0,0
1012500,0.0,0.02176,0.0,3.0,0
1012500,0.0,0.0,0.068676,8.0,0
1012500,0.01846425,0.0,0.049238,16.0,0
1012500,0.0,0.109354,0.0,2.0,0
1012500,0.05402783333333334,0.0,0.21611133333333335,6.0,0
1012500,0.0,0.012263,0.0,2.0,0
1012500,0.0,0.009656666666666666,0.004828333333333333,6.0,0
1012500,0.0,0.0,0.1730905,5.0,0
1012500,0.0,0.0,0.02067,1.0,0
1012500,0.0,0.019294090909090907,0.023152909090909092,11.0,0
1012500,0.0,0.01817085714285714,0.013628142857142856,7.0,0
1012500,0.0,0.134631,0.0,11.0,0
1012500,0.0,0.0,0.01738,2.0,0
1012500,0.025587,0.0,0.0,7.0,0
1012503,0.0,0.0,0.00597505,5.0,0
1012504,0.00517935,0.0,0.0,1.0,0
1012504,0.10959855,0.0,0.0,34.0,0
1012507,0.559018,0.0,0.0,7.0,0
1012518,0.0,0.00383152,0.0,4.0,0
1012518,0.0,0.0054765,0.0,3.0,0
1012518,0.0,0.010821219000000002,0.025249511000000002,10.0,0
1012518,0.0,0.0170966,0.0,9.0,0
1012518,0.0,0.033547139999999996,0.02236476,20.0,0
1012518,0.0,0.019619366666666666,0.009809683333333333,12.0,0
1012518,0.0,0.0,0.016738799999999998,12.0,0
1012518,0.0,0.03717439515151515,0.11616998484848484,33.0,0
1012518,0.0,0.0,0.01020638,4.0,0
1012518,0.0,0.0,0.00898952,4.0,0
1012518,0.0,0.0,0.01988292,4.0,0
1012518,0.0,0.0,0.01074174,4.0,0
1012518,0.0,0.03073857894736842,0.08606802105263159,38.0,0
1012518,0.0,0.013001086000000002,0.014858384,15.0,0
1012520,0.0,0.0,0.0017787599999999999,4.0,0
1012522,0.0,0.018051,0.0,5.0,0
1012522,0.0,0.054582,0.0,12.0,0
1012522,0.0,0.038024,0.0,9.0,0
1012522,0.0,0.00403,0.0,2.0,0
1012522,0.0,0.017337,0.0,4.0,0
1012523,0.0,0.025903,0.0,6.0,0
1012524,0.013208939999999999,0.0,0.026417879999999998,21.0,0
1012526,0.0,0.0,0.055841,4.0,0
1012526,0.0,0.10802307692307692,0.24305192307692305,13.0,0
1012528,0.0,0.004295338662,0.0,4.0,360
1012528,0.0,0.017350329310000003,0.0,8.0,360
1012528,0.0,0.006906560478000001,0.0,2.0,360
1012528,0.0,0.005959599245000001,0.0,4.0,360
1012528,0.0,0.047522344429999995,0.0,27.0,360
1012528,0.0,0.01327436372,0.0,9.0,360
1012530,0.0,0.017936,0.0,31.0,0
1012530,0.0,0.288233,0.0,216.0,0
1012532,0.0,0.0,0.00506281,3.0,0
1012539,0.0,0.016481,0.0,89.0,0
1012539,0.0,0.076698,0.0,108.0,0
1012541,3.724617569049271,0.0,0.14486171547536433,1389.0,0
1012541,0.5560680112359551,0.0,0.781500988764045,89.0,0
1012541,1.168879368078176,0.0,0.17261931596091207,272.0,0
1012541,0.8408190120481928,0.0,0.042375493975903615,396.0,0
1012541,3.971102,0.0,0.0,100.0,0
1012541,0.7621956161137441,0.0,0.10711938388625591,211.0,0
1012541,12.184314890829693,0.0,2.7376150545851528,1161.0,0
1012541,5.546991339622642,0.0,2.006838330188679,335.0,0
1012541,0.0,0.0,0.035114,33.0,0
1012541,0.7260213411078718,0.0,0.49569732944606415,244.0,0
1012541,11.341697620689654,0.0,0.2901926896551724,481.0,0
1012541,4.093074796812749,0.0,0.6150216015936255,222.0,0
1012541,0.0,0.0,0.364725,219.0,0
1012541,2.903384380952381,0.0,0.09841980952380952,122.0,0
1012541,0.7721917589285715,0.0,0.010482241071428571,448.0,0
1012541,0.879948,0.0,0.0,41.0,0
1012541,0.20384913953488373,0.0,0.00994386046511628,86.0,0
1012541,4.675569,0.0,0.0,56.0,0
1012551,0.025416666666666667,0.0,0.025416666666666667,12.0,0
1012551,0.0,0.008505,0.0,2.0,0
1012551,6.676248857142857,0.0,8.901665142857144,28.0,0
1012551,4.074098222222222,0.0,5.092622777777778,36.0,0
1012552,0.0,0.011794,0.0,2.0,0
1012552,0.0,0.0,0.01531,8.0,0
1012552,0.0,0.2641005,0.2641005,510.0,0
1012552,0.0,0.045949,0.0,26.0,0
1012556,1.9537762681710218,0.0,2.5724720864251784,241.0,430
1012556,0.0,0.0,0.0451746785,11.0,430
1012556,0.33666790188235296,0.0,0.9679202179117647,26.0,430
1012557,0.0,0.012363916222222222,0.09891132977777778,9.0,0
1012557,0.0,0.641765736625,4.492360156375001,16.0,0
1012557,0.0,0.0022644749999999997,0.0045289499999999995,6.0,0
1012558,0.0365,0.0,0.0,2.0,0
1012558,4.10625,0.0,4.10625,4.0,0
1012558,3.1025,0.0,0.0,2.0,0
1012565,0.018494,0.0,0.0,8.0,0
1012568,0.0,0.0290565,0.0290565,14.0,0
1012568,0.0,0.0,0.872077,60.0,0
1012568,0.0,0.9746,0.9746,54.0,0
1012569,0.0,0.0,0.014614,16.0,515
1012569,0.0,0.0885476,0.3541904,90.0,515
1012571,0.37407502000000004,0.0,0.7481500400000001,8.0,220
1012572,12.397698235913705,0.0,13.176611214086293,203.0,0
1012572,4.34522323,0.0,0.0,27.0,0
1012583,0.0,0.0,2.9550102000000003,95.0,0
1012583,0.0,0.0,4.9515235,83.0,0
1012583,0.0,0.0,1.1995683000000001,27.0,0
1012583,0.0,0.0,4.1581714,64.0,0
1012592,0.0,0.004310029999999999,0.0,3.0,0
1012594,0.1851328,0.0,0.1619912,15.0,0
1012594,0.480642,0.0,0.0,8.0,0
1012594,0.671072,0.0,0.0,4.0,0
1012594,0.0,0.0,0.335144,16.0,0
1012594,2.162357,0.0,0.0,22.0,0
1012594,0.5440606363636363,0.0,1.4508283636363635,88.0,0
1012594,0.833904,0.0,0.0,16.0,0
1012595,0.0,0.004929,0.0,4.0,0
1012595,0.0,0.0147955,0.0147955,194.0,0
1012595,0.0,0.0061065,0.0061065,51.0,0
1012595,1.901971,0.0,0.0,252.0,0
1012595,0.0,0.056648,0.0,178.0,0
1012595,0.0,0.0613245,0.0613245,49.0,0
1012595,0.0,0.014926,0.0,204.0,0
1012595,0.0,0.055661,0.0,29.0,0
1012596,0.0,0.0,0.618913,56.0,0
1012596,0.0,0.0,1.364784,42.0,0
1012597,0.0,0.0045046,0.0,3.0,0
1012597,0.0,0.017812380000000003,0.0,6.0,0
1012597,0.0,0.00664047,0.0,2.0,0
1012597,0.0,0.01113194,0.0,6.0,0
1012603,0.050038,0.0,0.0,3.0,0
1012605,0.0,0.02805682,0.0,4.0,355
1012618,0.0,0.0,0.020229795999999998,4.0,0
1012619,0.0,0.01582,0.0,7.0,0
1012623,0.44726984999999997,0.0,0.853125825,160.0,0
1012623,0.0,0.0,0.012241,6.0,0
1012623,0.21007573333333335,0.0,0.8928218666666667,45.0,0
1012624,0.0,0.0,0.03876450529,11.0,0
1012624,0.0,0.0,0.51083268,23.0,0
1012624,0.0,0.0,0.86483354,12.0,0
1012624,0.0,0.0,1.853003321,19.0,0
1012628,0.0,0.0,0.156554,6.0,0
1012628,0.0,0.0,0.55006,14.0,0
1012628,0.0,0.0,0.299935,10.0,0
1012628,1.4626665695876289,0.0,6.311506430412371,388.0,0
1012631,0.010463344999999999,0.0,0.0,30.0,0
1012633,0.0,0.0,0.3247299,9.0,0
1012633,16.870346587500002,0.0,2.4100495125,15.0,0
1012638,0.0035362222222222223,0.0,0.0026521666666666664,18.0,0
1012638,0.0,0.003149818181818182,0.0011811818181818182,11.0,0
1012638,0.0130275,0.0419775,0.0,38.0,0
1012638,0.0,0.009162,0.0,8.0,0
1012638,0.0,0.02971296,0.00938304,25.0,0
1012638,0.0,0.0035,0.0,11.0,0
1012652,0.051131837336000005,0.0,0.012782959334000001,5.0,0
1012652,0.008458,0.0,0.0,1.0,0
1012652,0.065748,0.0,0.0,3.0,0
1012652,0.17843772330000002,0.0,0.0,7.0,0
1012658,0.0,0.000633,0.0,1.0,0
1012658,0.0,7.3e-05,0.0,1.0,0
1012658,0.0032636363849999996,0.0,0.0010878787949999999,19.0,0
1012658,0.037195130111538466,0.0,0.02231707806692308,29.0,0
1012658,0.0,0.0157801823775,0.0052600607925,20.0,0
1012658,0.0,0.000316,0.0,1.0,0
1012658,0.0,0.000196,0.0,2.0,0
1012658,0.0,0.000499,0.0,3.0,0
1012658,0.012548421052631578,0.0,0.008783894736842105,20.0,0
1012658,0.004844571428571428,0.0,0.004844571428571428,21.0,0
1012658,0.0,0.000479,0.0,4.0,0
1012658,0.01390369465090909,0.0,0.01390369465090909,7.0,0
1012658,0.0019604444444444443,0.0,0.005881333333333333,9.0,0
1012658,0.0058616219261999995,0.0,0.0039077479508,6.0,0
1012658,0.0,0.000245,0.0,2.0,0
1012658,0.0,0.001715,0.0,3.0,0
1012658,0.0,0.0006535374708571428,0.001633843677142857,7.0,0
1012658,0.0,0.000326,0.0,2.0,0
1012659,0.014293836222857141,0.0,0.006352816099047619,21.0,0
1012659,0.0,0.004389172232444444,0.005486465290555555,31.0,0
1012664,0.0,0.22332276076923077,0.19141950923076925,26.0,535
1012664,0.0,0.24765144782608695,0.02358585217391304,46.0,535
1012666,0.0,0.434735,0.0,29.0,430
1012667,0.0,0.003318,0.0,3.0,0
1012667,0.39951075,0.0,0.066585125,16.0,0
1012667,0.0,0.028524,0.028524,6.0,0
1012667,0.0,0.0,0.085113,3.0,0
1012667,0.0,0.005382,0.0,6.0,0
1012667,0.0,0.023082,0.0,3.0,0
1012667,0.3915576486486486,0.0,0.05052356756756757,45.0,0
1012681,0.0,0.0,0.0156787,8.0,0
1012684,0.0,0.007848727272727273,0.0029432727272727275,8.0,0
1012696,0.0,0.0054385,0.0,2.0,0
1012696,0.0,0.0042705,0.0,2.0,0
1012696,0.0,0.010025333333333334,0.020050666666666668,6.0,0
1012696,0.0,0.0046355,0.0,1.0,0
1012706,0.0,0.0121235,0.0121235,4.0,535
1012708,0.0,0.033111060869565216,0.7284433391304348,67.0,0
1012708,0.0,0.0,0.0543542,5.0,0
1012708,0.0,0.0,0.5663952,29.0,0
1012710,0.0,0.0,0.011234,11.0,0
1012710,0.0,0.0,6.785477,273.0,0
1012710,0.0,0.007581,0.007581,4.0,0
1012710,0.0,0.0,0.026187,10.0,0
1012710,0.0,0.0,2.772418,42.0,0
1012710,0.0,0.0,0.030845,2.0,0
1012710,0.0,0.0,25.387509,455.0,0
1012710,0.0,0.017267,0.0,1.0,0
1012710,0.0,0.0,0.248915,15.0,0
1012710,0.0,0.0,22.170394,661.0,0
1012710,0.0,0.00444725,0.01334175,4.0,0
1012710,0.0,0.0,0.008737,2.0,0
1012710,0.0,0.0,0.066099,20.0,0
1012710,0.0,0.0,0.183628,5.0,0
1012710,0.0,0.0,0.090588,34.0,0
1012710,0.0,0.0,10.731182,494.0,0
1012710,0.0,0.0,4.667509,120.0,0
1012710,0.0,0.0,0.16876,2.0,0
1012712,0.0,0.17041943348837207,3.493598386511628,86.0,0
1012712,0.0,0.0,0.68376355,17.0,0
1012712,0.0,0.0,0.14417433,6.0,0
1012712,0.5142864154216867,0.0,4.821435144578312,83.0,0
1012712,0.0,0.0,1.6066585500000001,36.0,0
1012713,0.0,0.004270285714285714,0.010675714285714287,7.0,0
1012714,0.016036,0.0,0.0,1.0,0
1012718,0.8038073065,0.0,0.8038073065,4.0,0
1012718,0.5971405255,0.0,0.746425656875,12.0,0
1012718,0.0,0.35755570890000005,0.0,29.0,0
1012718,0.0,0.0,0.663689253,1.0,0
1012718,0.0,0.0,0.411023806,1.0,0
1012720,0.0,0.004166,0.0,4.0,0
1012720,0.0,0.013818,0.0,7.0,0
1012721,0.0,0.0,2.32660059,42.0,0
1012721,0.0,0.0,0.38337353999999996,17.0,0
1012722,0.0,0.02511406,0.0,10.0,0
1012722,0.0,0.02332416,0.0,2.0,0
1012722,0.0,0.0,0.0,3.0,0
1012722,0.0,0.05871795,0.0,46.0,0
1012722,0.0,0.06631367,0.0,10.0,0
1012722,0.0,0.97445648,0.0,61.0,0
1012722,0.0,0.07893918,0.0,18.0,0
1012722,0.0,0.15168339,0.0,16.0,0
1012722,0.0,0.0484705,0.0,32.0,0
1012722,0.0,0.04564762,0.0,11.0,0
1012722,0.0,0.01158052,0.0,9.0,0
1012722,0.0,0.07111463999999999,0.0,12.0,0
1012722,0.0,0.06504607,0.0,14.0,0
1012722,0.0,0.018116470000000003,0.0,4.0,0
1012722,0.0,0.017681290000000002,0.0,7.0,0
1012722,0.0,0.028760459999999998,0.0,26.0,0
1012724,0.114482,0.0,0.0,17.0,580
1012724,0.32745,0.0,0.0,53.0,580
1012725,0.0,0.0,0.003648,7.0,0
1012726,0.0,0.033403615384615386,0.006073384615384615,26.0,0
1012726,0.0,0.001408,0.0,4.0,0
1012726,0.0,0.0,0.322717,66.0,0
1012726,0.0,0.519101505376344,0.6878094946236559,93.0,0
1012726,0.0,0.0,0.495512,8.0,0
1012726,0.0,0.0,2.286578,16.0,0
1012726,0.0,1.39148,47.31032,490.0,0
1012726,0.0,0.0,22.187929,258.0,0
1012726,0.0,0.0,0.011737,2.0,0
1012726,0.0,0.0,0.017553,6.0,0
1012726,0.0,0.0,7.279737,125.0,0
1012727,1.771553732,0.0,0.0,4.0,0
1012731,0.0192535,0.0,0.0192535,8.0,0
1012731,0.081486,0.0,0.0,16.0,0
1012731,0.006306,0.0,0.0,4.0,0
1012734,0.018731011764705884,0.0,0.03813098823529412,56.0,160
1012734,0.0157884,0.0,0.023682599999999998,16.0,160
1012735,0.0,0.0,1.477471,5.0,0
1012736,0.026633,0.0,0.026633,12.0,0
1012737,0.0,0.045689,0.0,15.0,0
1012737,0.0,0.027295,0.0,5.0,0
1012742,0.0,0.0,0.01729017745,24.0,0
1012742,0.0,0.0,7.75900079,213.0,0
1012742,0.0,0.0,0.3342631262,79.0,0
1012742,0.0,0.0,1.057924025,28.0,0
1012742,0.0,0.0,0.01118461596,16.0,0
1012753,1.1536535,0.0,1.1536535,16.0,0
1012755,0.0,1.4265615551999997,0.35664038879999993,5.0,0
1012755,0.0,0.0,0.019833243719999998,3.0,0
1012755,0.0,1.6626601362,0.7125686298,10.0,0
1012755,0.0,0.0,0.1003781523,2.0,0
1012755,0.0,0.0,0.21318721,2.0,0
1012755,0.0,0.0,0.4325001496,1.0,0
1012755,0.0,0.0,0.8966881507,4.0,0
1012755,0.0,0.4822507059,0.1607502353,4.0,0
1012759,0.0,0.0,0.0409610216,3.0,0
1012759,0.0,0.0,1.696552037,30.0,0
1012759,0.0,0.0,2.793512383,99.0,0
1012759,0.0,0.0,0.11015938210000001,8.0,0
1012759,0.0,0.1705449103,0.0,10.0,0
1012759,0.0,0.01281017277,0.0,1.0,0
1012759,0.0,0.0,0.271056917,9.0,0
1012760,0.0,0.0,0.08658951,2.0,0
1012760,0.0,0.0,0.39074613,4.0,0
1012762,0.079224,0.0,0.0,4.0,0
1012762,0.107429,0.0,0.0,4.0,0
1012763,0.0,0.1499103709551724,0.1845050719448276,58.0,0
1012763,0.0,0.0,2.3830963539999996,2.0,0
1012768,0.0,0.007665,0.0,2.0,0
1012768,0.0,0.03860872,0.0,24.0,0
1012769,0.0,0.0207234722,0.0,6.0,0
1012769,0.0,0.004305,0.0,3.0,0
1012777,0.0,0.027557,0.0,7.0,0
1012778,0.0,0.010830540000000001,0.0,4.0,0
1012778,0.0,0.10429469999999999,0.0,21.0,0
1012778,0.0,0.3226080128205128,0.03686948717948718,39.0,0
1012778,0.0,0.10272567,0.0,12.0,0
1012778,0.0,1.4970762097894734,0.1376621802105263,95.0,0
1012778,0.0,0.00940684,0.0,5.0,0
1012778,0.0,0.02101712,0.0,10.0,0
1012780,0.03298227818181818,0.0,0.08795274181818181,16.0,430
1012780,0.0,0.0,0.00561839,4.0,430
1012783,0.0,0.0,0.041753,22.0,0
1012783,0.0,0.0,2.422931,44.0,0
1012783,0.0,0.0,0.199519,6.0,0
1012783,0.0,0.0,2.344499,78.0,0
1012784,0.0,0.0,0.106003,6.0,0
1012784,0.0,0.0,1.145518,15.0,0
1012785,0.0,0.0,0.0213994748,6.0,0
1012785,0.0,0.0,0.02032119149,1.0,0
1012785,0.0,0.0,0.033131133820000006,1.0,0
1012785,0.0,0.0,0.032858,3.0,0
1012787,0.0,0.0,0.039337,5.0,0
1012790,1.323598,0.0,0.0,2.0,0
1012790,2.319504,0.0,0.0,13.0,0
1012790,2.750285,0.0,0.0,11.0,0
1012804,0.0,0.0,0.00633275,4.0,0
1012804,0.0,0.002834,0.0,7.0,0
1012806,0.046685882352941174,0.0,0.010004117647058823,28.0,0
1012806,0.041497599999999996,0.0,0.010374399999999999,16.0,0
1012806,0.055354,0.0,0.0,12.0,0
1012810,0.0,0.221611,0.0,3.0,0
1012810,0.07416,0.0,0.0,7.0,0
1012811,0.0,0.021403,0.021403,12.0,0
1012812,0.0,0.02346696,0.0,9.0,0
1012812,0.0,0.02029789,0.0,6.0,0
1012812,0.014819190000000001,0.0,0.0,3.0,0
1012812,0.02498139,0.0,0.0,19.0,0
1012814,0.0,0.0,0.005103,2.0,0
1012816,0.0,0.061581,0.0,1.0,220
1012816,0.0,0.005507,0.0,1.0,220
1012818,0.727558,0.0,0.0,28.0,0
1012819,0.023814,0.0,0.0,2.0,0
1012819,0.027479,0.0,0.0,5.0,0
1012819,0.0,0.009384,0.0,3.0,0
1012822,0.0,0.00847,0.0,1.0,0
1012822,0.0,0.023659,0.0,2.0,0
1012823,0.216167016,0.054041754,0.0,10.0,745
1012823,2.25472856,0.0,0.0,55.0,745
1012826,0.0,1.04180002336,3.8173418766400005,491.0,0
1012828,0.0,0.008379,0.0,3.0,0
1012828,0.0,0.0,0.006446,4.0,0
1012833,0.0,0.4996890048044693,6.380644215195531,195.0,0
1012835,0.0,0.4822720737857143,0.19290882951428573,7.0,0
1012835,0.0,0.12434556,0.21760472999999997,11.0,0
1012835,0.0,0.19572831615384614,2.348739793846154,26.0,0
1012835,0.0,1.4294659369047618,4.574290998095238,21.0,0
1012835,0.0,0.2635007108333333,2.8985078191666664,12.0,0
1012873,0.0,0.0,0.139123,49.0,220
1012873,0.0,0.0,0.305527,22.0,220
1012873,0.06335525,0.0,0.1267105,48.0,220
1012873,0.0,0.0,0.390549,38.0,220
1012873,0.0,0.0,0.050825,29.0,220
1012873,0.0,0.0,0.064011,33.0,220
1012873,0.15723711111111113,0.0,0.44924888888888886,27.0,220
1012873,0.24746538461538461,0.0,0.18147461538461537,26.0,220
1012873,0.0,0.04527747945205479,0.7810365205479451,73.0,220
1012893,0.371945,0.0,0.0,10.0,820
1012936,0.0,0.004910100000000001,0.0,2.0,160
1012936,0.0,0.0040684,0.0,1.0,160
1012940,0.0,0.0,1.614570989,293.0,395
1012940,0.0,0.0,0.00966987062,8.0,395
1012940,0.0,0.0,4.689536559,203.0,395
1012940,0.0,0.0,3.2956246609999997,445.0,395
1012945,0.0,0.208827,0.0,4.0,220
1012945,0.0,0.0,0.13145264,4.0,220
1012945,0.0,0.0511130625,0.0511130625,8.0,220
1012945,0.0,0.06589,0.0,11.0,220
1012947,0.0,0.0,0.41195428,54.0,515
1012952,0.0,0.004617887729,0.0,4.0,435
1012953,0.0,0.019853298492,0.013235532328000002,10.0,0
1012953,0.0,0.083168,0.0,7.0,0
1012953,0.0,0.022737059249999997,0.0,10.0,0
1012953,0.0,0.01762982171,0.0,10.0,0
1012953,0.0,0.046478495499999994,0.0,5.0,0
1012953,0.23067545840625,0.10485248109374999,0.0,16.0,0
1012964,0.0,0.0,0.00649435,1.0,0
1012964,0.0,0.0,0.05453347,4.0,0
1012970,0.0,0.0,0.010491,1.0,0
1012970,0.0,0.0,0.010197,3.0,0
1012970,0.0,0.0,0.291415,19.0,0
1012984,0.0,0.0,0.004706,2.0,210
1012984,0.0,0.0,0.010851,3.0,210
1012988,0.097352,0.0,0.097352,12.0,160
1012988,0.166653,0.0,0.166653,24.0,160
1012996,0.0,0.0,0.107878,2.0,0
1012996,0.0,0.0,0.100207,4.0,0
1012996,0.0,0.0,0.181376,2.0,0
1013004,0.160213,0.0,0.0,3.0,0
1013010,0.0,0.007628,0.0,29.0,220
1013010,0.0,0.0,1.5e-05,1.0,220
1013010,0.0,1.3e-05,0.0,20.0,220
1013010,0.0,0.0013158333333333334,0.0002631666666666667,6.0,220
1013011,0.03883005089820359,0.0,1.0419396991017964,161.0,0
1013011,0.46512902819417473,0.0,2.5291390908058253,97.0,0
1013011,0.0,0.07300093500000002,0.17033551500000002,27.0,0
1013011,0.06238294135135135,0.0,0.3572841186486487,75.0,0
1013021,0.0,0.0,0.669345,209.0,395
1013021,0.0,0.0,0.036807,8.0,395
1013021,0.0,0.0,0.010926,7.0,395
1013026,0.0,0.44885804347826086,0.23939095652173914,92.0,360
1013035,0.0,0.016488,0.0,4.0,160
1013035,0.0,0.0042143,0.0,1.0,160
1013035,0.0,0.0045206000000000005,0.0,2.0,160
1013038,0.0,0.06586880764044943,1.8882391523595505,100.0,430
1013038,0.0,0.25714586255319144,1.3909253474468086,128.0,430
1013038,0.0,0.4927866229166667,4.237964957083333,151.0,430
1013038,0.0,0.0,0.26371528000000005,7.0,430
1013038,0.0,0.0,0.26558483,7.0,430
1013045,0.0,0.0,0.081,11.0,0
1013053,0.0,0.0,0.02780616,6.0,0
1013058,0.0,0.01029794,0.0,3.0,0
1013061,0.0,0.0,3.938175,16.0,0
1013075,0.0,0.0,1.024527334,43.0,0
1013078,0.0,0.0,1.137902,38.0,355
1013080,0.0,0.0,0.138831,14.0,260
1013080,0.0,0.0037155,0.0,2.0,260
1013080,0.0,0.0,0.03044656,18.0,260
1013085,0.3637453333333333,0.0,0.18187266666666665,24.0,0
1013085,0.0,0.0,0.037352,12.0,0
1013085,6.413217115384615,0.0,2.4699552403846154,416.0,0
1013085,0.74834408,0.0,0.35216191999999996,50.0,0
1013085,3.0599674153846155,0.0,1.2638995846153847,130.0,0
1013085,0.0,0.0,0.011665,12.0,0
1013086,0.0,0.407113,0.0,8.0,0
1013086,0.0,0.07307153846153847,0.8768584615384615,26.0,0
1013087,0.0,0.09730359748427674,0.5753604025157233,159.0,220
1013087,0.0,0.0,0.007512,2.0,220
1013087,0.08847494736842106,0.0,0.12165305263157895,19.0,220
1013087,0.0,0.0,0.018612,2.0,220
1013089,0.0,0.0,0.136265,23.0,160
1013091,0.0,0.0,0.474564,72.0,210
1013091,0.0,0.0,0.034343,8.0,210
1013095,0.0,0.0,0.0734,21.0,0
1013106,0.0,0.016192779005524863,1.239904220994475,543.0,430
1013106,0.0,0.0,4.62925,192.0,430
1013106,0.0,0.04109825641025641,0.1592557435897436,39.0,430
1013111,0.0,0.003806,0.0,3.0,507
1013123,0.0,0.0,3.704609841,1659.0,360
1013123,0.0,0.0,0.036606408949999995,22.0,360
1013127,0.0,0.0,0.00918,9.0,0
1013128,0.0,0.0,0.034552,4.0,220
1013128,0.0,0.0,0.01001,4.0,220
1013216,0.0,0.0251725933,0.0,11.0,430
1013216,0.0,0.37044756078,0.11509050432000001,135.0,430
1013216,0.0,0.06903354391,0.0,21.0,430
1013216,0.0,0.0830586256097561,0.020135424390243906,41.0,430
1013216,0.0,0.00547901973,0.0,2.0,430
1013216,0.0,0.0867689376,0.0,10.0,430
1013216,0.0,0.00660240376,0.0,2.0,430
1013216,0.0,0.01753320811,0.0,4.0,430
1013216,0.0,0.03862418517466667,0.22472253192533334,75.0,430
1013216,0.0,0.005358135362,0.0,2.0,430
1013221,0.0,0.0,0.059971,12.0,0
1013222,0.0,0.5103584755947136,3.627190594405286,227.0,430
1013227,0.0,0.0,0.39376290999999997,68.0,360
1013227,0.0,0.0,0.17166761,44.0,360
1013241,0.0,0.021084,0.014056,5.0,430
1013241,0.12813360000000001,0.0,0.032033400000000004,15.0,430
1013241,0.3392144,0.0,0.0848036,10.0,430
1013241,1.434697,0.0,0.9782025,38.0,430
1013264,0.0,0.0,0.004506,4.0,515
1013264,0.16222392,0.0,0.64889568,144.0,515
1013264,0.0,0.0,0.20766179999999998,40.0,515
1013268,0.0,0.0,0.147344,60.0,395
1013268,0.0,0.0,0.317675,144.0,395
1013268,0.0,0.0,0.054723,24.0,395
1013280,0.0,0.053417,0.0,7.0,0
1013280,0.0,0.0,0.024947,2.0,0
1013283,0.0,0.0,1.471639997,235.0,160
1013283,0.0,0.0,5.572412701999999,205.0,160
1013283,0.0,0.0,0.00849139374,3.0,160
1013285,0.0,0.0,0.004100453360000001,3.0,575
1013285,0.0,0.01609882344,0.0,4.0,575
1013285,0.0,0.01269611126,0.0,4.0,575
1013288,0.0,0.01343,0.0,6.0,575
1013288,0.0,0.0,0.063578,13.0,575
1013288,0.0,0.0,0.253346,8.0,575
1013288,0.0,0.0,0.135939,36.0,575
1013288,0.0,0.0,2.924898,170.0,575
1013289,0.0,0.0,2.634786,332.0,515
1013289,0.0,0.0,0.014295,4.0,515
1013291,0.0,0.0,8.915779,500.0,395
1013291,0.0,0.0,0.765639,55.0,395
1013301,0.0,0.0,0.608128,54.0,395
1013301,0.0,0.0,1.931945,84.0,395
1013303,0.6761387032888888,0.0,0.7606560411999999,29.0,430
1013303,0.4152914882307692,0.0,0.7712556209999999,32.0,430
1013303,0.890268395625,0.0,1.1375651721875,30.0,430
1013303,0.8396635682352941,0.0,1.259495352352941,82.0,430
1013303,1.0521378052363635,0.0,1.2859462064,37.0,430
1013304,0.0,0.0,0.850588,50.0,540
1013306,0.0,0.0,0.05132,3.0,160
1013306,0.0,0.0,0.02566,1.0,160
1013307,0.0,0.0,2.107330915,101.0,0
1013307,0.0,0.3132847734925373,3.6223551935074627,185.0,0
1013307,0.0,0.0,0.03606747732,12.0,0
1013307,0.0,0.007349358978947367,0.01592361112105263,13.0,0
1013307,0.0,0.0,2.2678534089999998,160.0,0
1013307,0.0,0.0,3.717415716,117.0,0
1013307,0.0,0.0,0.09362632824,27.0,0
1013310,0.0,0.0,0.052761,12.0,0
1013311,0.0,0.0,0.4419729676,4.0,0
1013311,0.0,0.0049805100000000005,0.0,2.0,0
1013318,0.0,0.0,0.00573674,2.0,220
1013318,0.0,0.0,1.43204741,125.0,220
1013324,0.0,0.0,3.038977,271.0,395
1013325,0.0,0.003883,0.0,1.0,220
1013325,0.0,0.01,0.0,3.0,220
1013325,0.051413,0.0,0.0,9.0,220
1013325,0.0,0.029259,0.0,12.0,220
1013325,1.298997,0.0,1.1870145,134.0,220
1013325,0.04108888888888889,0.0,0.06574222222222222,36.0,220
1013325,0.03072933333333333,0.015364666666666665,0.0,3.0,220
1013325,1.7633049438202246,0.0,3.3502793932584267,178.0,220
1013325,0.0,0.0,0.041989,2.0,220
1013325,0.12017455172413792,0.0,0.1115906551724138,58.0,220
1013325,0.0,0.098279,0.0,20.0,220
1013325,0.0,0.0,0.035835,4.0,220
1013325,0.0,0.020276,0.0,9.0,220
1013325,0.19010435555555555,0.0,0.26139348888888886,90.0,220
1013325,0.0,0.0,0.018263,2.0,220
1013334,0.0,0.913682086978022,4.6293225740219786,182.0,0
1013334,0.0,0.0,0.267229162,36.0,0
1013337,0.0,0.0,0.143028,18.0,360
1013337,0.0,0.0,0.053169,20.0,360
1013337,0.0,0.0,0.136561,24.0,360
1013339,0.0,0.0,1.625475041,908.0,360
1013339,0.0,0.0,0.9099352238,489.0,360
1013344,0.0,0.84887,0.0,130.0,220
1013346,0.0,0.005719770000000001,0.0,4.0,230
1013346,0.0,0.0051525600000000005,0.0,1.0,230
1013346,0.0,0.06526798,0.0,10.0,230
1013346,0.0,0.00384433,0.0,2.0,230
1013346,0.0,0.00404605,0.0,3.0,230
1013354,0.0,0.0,1.644103106,54.0,220
1013354,0.0,0.0,0.009383633333,4.0,220
1013354,0.0,0.0,0.01281378333,4.0,220
1013354,0.0,0.0,0.15436715220000002,16.0,220
1013354,0.0,0.0,0.6242278124,55.0,220
1013354,0.0,0.0,0.6305928085,39.0,220
1013354,0.0,0.0,1.6654424410000002,47.0,220
1013355,0.036554823529411765,0.0,0.04112417647058824,17.0,0
1013355,0.045643699999999995,0.0,0.0,8.0,0
1013356,0.0,0.0,3.1692058650000003,216.0,0
1013367,0.0,0.0,6.471611523,373.0,395
1013369,0.15443378200000002,0.0,0.15443378200000002,30.0,540
1013373,0.0,0.0,0.006938270000000001,3.0,0
1013373,0.0,0.0,0.01835546,8.0,0
1013377,0.0,0.0,4.827855,44.0,430
1013377,0.0,0.0,0.93294,28.0,430
1013378,0.0,0.0,0.011664,12.0,0
1013378,0.0,0.00079011,0.0,4.0,0
1013381,0.24263949499999998,0.0,0.24263949499999998,32.0,540
1013386,0.0,0.0,0.419192,10.0,160
1013386,0.0,0.0,0.213514,20.0,160
1013388,0.08732630000000001,0.0,0.08732630000000001,7.0,0
1013392,0.0,0.051149832857142856,0.06819977714285715,7.0,0
1013392,0.0,0.03158061,0.03158061,8.0,0
1013392,0.026966748421052632,0.0,0.17528386473684207,17.0,0
1013392,0.066580635,0.0,0.332903175,10.0,0
1013392,0.17691067220338985,0.0,0.9828370677966102,54.0,0
1013392,0.15627042615384615,0.0,1.3126715796923079,125.0,0
1013392,0.4118461105000001,0.0,0.9360138874999999,43.0,0
1013392,0.0,0.004594808571428572,0.027568851428571427,6.0,0
1013392,0.0,0.10072987555555556,0.35255456444444444,9.0,0
1013392,0.3084114457317073,0.0,2.94018911597561,149.0,0
1013392,0.003265,0.0,0.00653,2.0,0
1013392,0.047879178,0.0,0.287275068,6.0,0
1013392,0.42759777499999996,0.0,0.25655866499999996,14.0,0
1013392,0.4478618891089109,0.0,1.724268273069307,81.0,0
1013392,0.753080830886076,0.0,2.6068182607594936,66.0,0
1013392,0.0,0.2482724109090909,0.4344767190909091,11.0,0
1013392,0.0,0.0,0.12747564,16.0,0
1013392,0.32447007466666666,0.0,1.730507064888889,39.0,0
1013392,0.12217184680851066,0.0,0.21990932425531917,32.0,0
1013393,0.0,1.1091788972,1.6637683457999999,45.0,430
1013393,0.2062866023448276,0.0,0.5599207777931035,29.0,430
1013393,0.0,0.0,0.14576695850000002,3.0,430
1013407,0.28403579188235295,0.0,0.9704556222647059,68.0,430
1013407,0.0,0.0,0.0380177638,9.0,430
1013407,4.0770354954,0.0,4.853613685,50.0,430
1013412,0.0,0.0054832974800000005,0.0,2.0,430
1013412,0.0,0.0,0.14703407689999998,2.0,430
1013413,0.0,0.44563229555555556,0.026213664444444448,18.0,160
1013417,0.0,0.0,0.043939,4.0,430
1013417,0.0,0.0,0.041898,4.0,430
1013417,0.0,0.0,0.689029,84.0,430
1013483,0.0,0.0,0.54785,52.0,430
1013483,0.0,0.21880048235294117,1.847648517647059,170.0,430
1013483,0.0,0.0,0.208328,14.0,430
1013547,0.0,0.05130157575757576,1.6416504242424244,66.0,540
1013573,0.0,0.0,0.603519,20.0,0
1013573,0.0,0.0,1.05515,10.0,0
1013580,0.0,0.0,0.01149078,4.0,360
1013580,0.0,0.0,0.01950704,4.0,360
1013580,0.0,0.0,0.2453294,56.0,360
1013580,0.0,0.0,0.13559089000000002,30.0,360
1013580,0.0,0.0,0.025082740000000003,4.0,360
1013595,0.0,0.0,0.04492684797,31.0,220
1013595,0.0,0.0,0.0174087372,5.0,220
1013606,0.49686247849056603,0.0,0.5872011109433961,53.0,430
1013606,0.1302562947368421,0.0,0.48846110526315795,19.0,430
1013612,0.0,0.004402,0.0,1.0,0
1013612,0.0,0.004256,0.0,1.0,0
1013612,0.0,0.187245,0.0,16.0,0
1013614,0.0,0.0,0.0146408065,2.0,360
1013614,0.0,0.0,2.725535585,204.0,360
1013614,0.0,0.0,1.934921016,208.0,360
1013614,0.0,0.0,0.0457202625,4.0,360
1013626,0.0,0.0,0.4100730919,36.0,430
1013638,0.055544666666666666,0.0,0.027772333333333333,8.0,0
1013638,0.065001,0.0,0.0,10.0,0
1013657,0.0,0.0,0.011769,34.0,420
1013657,0.0,0.0,0.008522,17.0,420
1013664,0.0,0.0,0.00566376,12.0,0
1013664,0.0,0.0048221800000000006,0.0,3.0,0
1013671,0.128332,0.0,0.0,4.0,220
1013671,0.0,0.0,0.02861,2.0,220
1013671,0.9809584,0.0,2.0845366000000003,50.0,220
1013674,0.8386013705080545,0.0,1.7742309987608427,787.0,430
1013674,0.0,0.3402097297297297,0.3591102702702703,111.0,430
1013675,0.0,0.0,0.00122976,3.0,0
1013679,0.0,0.0053673900000000005,0.0,1.0,0
1013682,0.0,0.0,0.23430592,15.0,540
1013691,0.0,0.0058728800000000005,0.0,2.0,230
1013691,0.0,0.005628968571428572,0.014072421428571428,8.0,230
1013692,0.0,0.007914487203333332,0.039572436016666664,12.0,0
1013699,0.0,0.13420193,0.0,4.0,430
1013699,0.0,0.0,0.0,18.0,430
1013699,0.0,0.01811455,0.0,9.0,430
1013699,0.6288368890909091,0.0,0.5240307409090909,61.0,430
1013699,0.21446093,0.0,0.0,5.0,430
1013699,0.0,0.02919027,0.0,8.0,430
1013699,1.6288531900000003,0.0,0.0,36.0,430
1013699,0.28104846,0.0,0.0,46.0,430
1013699,0.0,0.01136975,0.0,11.0,430
1013699,0.0,0.09872005,0.0,72.0,430
1013699,0.6446782184615384,0.0,0.8791066615384615,71.0,430
1013706,0.0,0.0,0.007481,2.0,535
1013706,0.0,0.0,0.044663,7.0,535
1013706,0.0,0.0,0.017741,8.0,535
1013706,0.0,0.0,0.003778,2.0,535
1013706,0.0,0.0,0.003887,3.0,535
1013706,0.0,0.0,0.006328,3.0,535
1013706,0.0,0.0,0.00409,2.0,535
1013706,0.0,0.0,0.006416,3.0,535
1013706,0.0,0.0,0.00499,2.0,535
1013706,0.0,0.0,0.004201,3.0,535
1013709,0.0,0.0,0.062881,4.0,0
1013709,0.0,0.0,0.925789,95.0,0
1013709,0.0,0.0,3.933809,94.0,0
1013710,0.0,0.0,0.16601,4.0,0
1013710,0.0,0.0,0.149167,5.0,0
1013710,0.0,0.19492277108433734,4.658654228915663,249.0,0
1013710,0.0,0.0,0.086674,10.0,0
1013712,0.0,0.0,0.1672682738,91.0,0
1013712,0.0,0.0,0.43240203000000005,40.0,0
1013712,0.12717653553846153,0.0,3.1794133884615383,650.0,0
1013712,0.0,0.0,0.2317756872,238.0,0
1013712,0.0,0.0,0.4466294,120.0,0
1013712,0.0,0.0,2.143036377,2109.0,0
1013712,0.0,0.0,0.231412451,210.0,0
1013712,0.0,0.0,0.231960462,168.0,0
1013717,0.0081672,0.0,0.0,2.0,0
1013717,0.0048325,0.0144975,0.0,4.0,0
1013728,0.0,0.0,0.484832,47.0,395
1013728,0.0,0.0,1.945844,94.0,395
1013732,0.0,0.0,0.05735824403,82.0,360
1013732,0.0,0.0,0.004329492655,3.0,360
1013732,0.0,0.0,0.02619859444,12.0,360
1013732,0.0,0.0,0.0244185425,44.0,360
1013734,0.0,0.0,0.0778568,4.0,430
1013734,0.9729839533980583,0.0,2.7387696466019418,152.0,430
1013734,0.9636803999999999,0.0,0.9636803999999999,36.0,430
1013734,0.272394,0.0,0.272394,13.0,430
1013735,0.0,0.0,0.037700990420000004,11.0,430
1013735,0.0,0.0,3.809061534,159.0,430
1013735,0.0,0.0,0.4882040002,21.0,430
1013738,0.0,0.002146,0.0,3.0,0
1013738,0.0,0.008663,0.0,4.0,0
1013738,0.0,0.0013096,0.0,3.0,0
1013742,0.0,0.0,1.454022689,57.0,430
1013742,0.0,0.0,0.3046871025,16.0,430
1013742,0.0,0.0,0.9039935862999999,41.0,430
1013742,0.0,0.0,0.28414378999999995,24.0,430
1013748,0.0,0.01275704,0.0,8.0,0
1013751,0.0,0.0,0.0159026789,14.0,375
1013751,0.0,0.0,0.006517285845,3.0,375
1013771,0.9369698057466307,0.0,1.7577263022533696,371.0,395
1013771,0.0,0.0,1.829137456,143.0,395
1013772,0.0,0.08687,0.0,3.0,0
1013809,0.0,0.0,0.011820418840000001,2.0,0
1013809,0.0,0.1150388368,0.0862791276,7.0,0
1013809,0.0,0.0,0.02193901637,14.0,0
1013815,0.0,0.0,0.01233772,2.0,0
1013833,0.0,0.1353415,0.0580035,34.0,360
1013833,0.0,0.009646,0.0,8.0,360
1013833,0.0,0.01636118,0.0,15.0,360
1013833,0.0,0.022227752727272728,0.40565648727272724,93.0,360
1013833,0.0,0.06615163636363637,0.05808436363636364,57.0,360
1013833,0.0,0.0,0.08087463,27.0,360
1013833,0.0,0.028510826779661016,0.020963843220338983,29.0,360
1013833,0.0,0.0,0.056609,18.0,360
1013833,0.0,0.0,0.00716326,4.0,360
1013833,0.0,0.008349,0.0,11.0,360
1013833,0.0,0.0038538699999999997,0.0,4.0,360
1013833,0.0,0.04493435210526316,0.4293726978947368,101.0,360
1013833,0.0,0.0,0.028882,12.0,360
1013833,0.0,0.2052561441048035,0.3897268558951965,214.0,360
1013845,5.57437905338843,0.0,7.18450846123967,793.0,430
1013845,0.12442324561403509,0.0,0.5823007894736841,117.0,430
1013845,0.2559426083333333,0.0,0.12797130416666666,14.0,430
1013845,0.0,0.0052715,0.0052715,7.0,430
1013845,4.020262953663865,0.0,3.527456527085714,368.0,430
1013845,0.4078948693135135,0.0,0.6539266952486487,118.0,430
1013845,0.0,0.0,0.024143,17.0,430
1013845,0.06915456,0.0,0.13830912,26.0,430
1013847,0.0,0.015753,0.0,16.0,430
1013848,0.7837186046511627,0.0,2.024606395348837,43.0,0
1013853,0.0,0.061530986086956514,0.03955563391304348,23.0,0
1013853,0.0,0.0,0.012532030000000001,10.0,0
1013861,0.0,0.010889788000000001,0.0,5.0,580
1013897,0.5215333333333333,0.0,1.0430666666666666,24.0,430
1013913,0.0,0.01225885,0.0,1.0,430
1013913,0.0,0.013711,0.0,4.0,430
1013913,0.0,0.1335254966442953,0.7314875033557047,149.0,430
1013913,0.0,0.0,0.702702,6.0,430
1013913,0.0,0.091643,0.0,13.0,430
1013913,0.0,0.3466285647058823,0.38995713529411763,34.0,430
1013913,0.0,0.0,0.745143,32.0,430
1013913,0.0,0.0,0.678198,42.0,430
1013918,0.5258185842105264,0.0,1.4722920357894738,28.0,540
1013925,0.0,0.010341718366666666,0.005170859183333333,6.0,260
1013925,0.0,0.05487111265230769,0.0342944454076923,39.0,260
1013925,0.0,0.0,0.13611906,69.0,260
1013925,0.0,0.0,0.027950883849999997,3.0,260
1013931,0.0,0.310914,0.0,81.0,220
1013931,0.0,0.2386,0.0,85.0,220
1013931,0.0,0.00419,0.0,2.0,220
1013931,0.0,0.249641,0.0,14.0,220
1013931,0.0,0.006791,0.0,8.0,220
1013931,0.0,0.358422,0.0,158.0,220
1013931,0.0,0.158573,0.0,42.0,220
1013931,0.0,0.014612,0.0,3.0,220
1013931,0.0,0.139267,0.0,28.0,220
1013936,0.0,0.0,0.038524,24.0,220
1013936,0.0,0.0,0.278376,169.0,220
1013936,0.0,0.0,0.064491,120.0,220
1013936,0.0,0.0,0.1856,140.0,220
1013937,0.0,0.0,0.039018080000000004,8.0,0
1013938,0.0,0.15487366666666666,0.3097473333333333,72.0,430
1013938,0.0,0.024938545454545456,0.04364245454545455,11.0,430
1013948,0.0,0.0,1.26029436,144.0,220
1013948,0.0,0.0,0.03808454,22.0,220
1013966,0.0,0.0,0.00731372,1.0,0
1013966,0.0,0.045893995,0.045893995,2.0,0
1013983,0.57013196,0.0,0.0,15.0,430
1013983,2.9893098046268665,0.0,0.19080700880597012,67.0,430
1013986,0.0,0.0,0.8755821693,89.0,430
1013986,0.0,0.0043728586199999996,0.0,2.0,430
1013989,0.0,0.0,0.28352801,36.0,0
1013989,0.0,0.0,0.15699674,13.0,0
1013989,0.0,0.0,1.1497125400000001,32.0,0
1013993,0.15878514285714287,0.0,0.15878514285714287,20.0,430
1013993,0.0,0.00549,0.0,2.0,430
1013993,0.2428471590909091,0.0,1.2628052272727273,78.0,430
1014024,0.0,0.0,1.460674,42.0,430
1014024,0.0,0.0,0.084514,4.0,430
1014071,0.19947141379310346,0.0,5.385728172413794,116.0,430
1014071,0.0,0.0,0.345576,7.0,430
1014085,0.0,0.0,0.196176,12.0,220
1014085,0.2178098823529412,0.0,0.7351083529411765,85.0,220
1014085,0.0,0.09448733333333333,0.18897466666666665,30.0,220
1014085,0.0,0.0,0.36878,22.0,220
1014100,0.0,0.2657454166666667,0.8597645833333334,72.0,430
1014129,0.0,0.0,0.041294809999999994,6.0,430
1014129,0.0,0.0,2.5173538900000003,84.0,430
1014129,0.0,0.0,0.004726695366,3.0,430
1014369,0.0,0.003566,0.0,2.0,430
1014369,0.0,0.110012,0.0,45.0,430
1014369,0.0,0.000277,0.0,1.0,430
1014369,0.0,2.109913,0.0,163.0,430
1014369,0.0,0.206781,0.0,88.0,430
1014369,0.0,1.128694,0.0,160.0,430
1014369,0.0,0.001076,0.0,1.0,430
1014369,0.0,0.157429,0.0,40.0,430
1014384,0.0832845588235294,0.0,0.2855470588235294,34.0,430
1014384,1.034311,0.0,0.0,6.0,430
1014384,0.0,0.0,0.015175,2.0,430
1014384,0.263798,0.0,0.0,2.0,430
1014384,1.2264258823529413,0.0,1.9622814117647058,51.0,430
1014431,0.0,0.17928057,0.6744364300000001,100.0,220
1014431,0.0,0.06049390909090909,0.1613170909090909,55.0,220
1014431,0.0,0.0,0.0304,14.0,220
1014504,0.0,0.0,0.011157,3.0,430
1014504,2.070314243697479,0.0,2.9444469243697475,119.0,430
1014504,0.26810503999999996,0.0,1.64693096,50.0,430
1014504,2.2411386885245905,0.0,4.071401950819672,183.0,430
1014504,1.8353940361445784,0.0,5.459120722891567,166.0,430
1014504,0.1234988,0.0,0.4939952,14.0,430
1014727,0.0,0.0,2.47246438,256.0,430
1014727,0.0,0.0,15.93748315,22.0,430
